C51 COMPILER V9.60.0.0   VL53L0X_API                                                       09/19/2025 16:16:51 PAGE 1   


C51 COMPILER V9.60.0.0, COMPILATION OF MODULE VL53L0X_API
OBJECT MODULE PLACED IN .\src\vl53l0x_api.OBJ
COMPILER INVOKED BY: C:\SiliconLabs\SimplicityStudio\v5_3\developer\toolchains\keil_8051\9.60\BIN\C51.exe C:\Users\User\
                    -Desktop\Laser_ranging\ranging_sensor\src\vl53l0x_api.c OMF2 SMALL DEBUG OBJECTEXTEND ROM(LARGE) WARNINGLEVEL(2) FLOATFUZ
                    -ZY(3) OPTIMIZE(8,SPEED) DEFINE(DEBUG=1) INTVECTOR(0X0000) INTPROMOTE INCDIR(C:/SiliconLabs/SimplicityStudio/v5_3/develop
                    -er/sdks/8051/v4.3.1//Device/shared/si8051Base;C:/SiliconLabs/SimplicityStudio/v5_3/developer/sdks/8051/v4.3.1//Device/C8
                    -051F380/inc) PRINT(.\src\vl53l0x_api.lst) COND PAGEWIDTH(120) PAGELENGTH(65) OBJECT(.\src\vl53l0x_api.OBJ)

line level    source

   1          /*******************************************************************************
   2           * Copyright © 2016, STMicroelectronics International N.V.
   3           All rights reserved.
   4          
   5           Redistribution and use in source and binary forms, with or without
   6           modification, are permitted provided that the following conditions are met:
   7           * Redistributions of source code must retain the above copyright
   8           notice, this list of conditions and the following disclaimer.
   9           * Redistributions in binary form must reproduce the above copyright
  10           notice, this list of conditions and the following disclaimer in the
  11           documentation and/or other materials provided with the distribution.
  12           * Neither the name of STMicroelectronics nor the
  13           names of its contributors may be used to endorse or promote products
  14           derived from this software without specific prior written permission.
  15          
  16           THIS SOFTWARE IS PROVIDED BY THE COPYRIGHT HOLDERS AND CONTRIBUTORS "AS IS" AND
  17           ANY EXPRESS OR IMPLIED WARRANTIES, INCLUDING, BUT NOT LIMITED TO, THE IMPLIED
  18           WARRANTIES OF MERCHANTABILITY, FITNESS FOR A PARTICULAR PURPOSE, AND
  19           NON-INFRINGEMENT OF INTELLECTUAL PROPERTY RIGHTS ARE DISCLAIMED.
  20           IN NO EVENT SHALL STMICROELECTRONICS INTERNATIONAL N.V. BE LIABLE FOR ANY
  21           DIRECT, INDIRECT, INCIDENTAL, SPECIAL, EXEMPLARY, OR CONSEQUENTIAL DAMAGES
  22           (INCLUDING, BUT NOT LIMITED TO, PROCUREMENT OF SUBSTITUTE GOODS OR SERVICES;
  23           LOSS OF USE, DATA, OR PROFITS; OR BUSINESS INTERRUPTION) HOWEVER CAUSED AND
  24           ON ANY THEORY OF LIABILITY, WHETHER IN CONTRACT, STRICT LIABILITY, OR TORT
  25           (INCLUDING NEGLIGENCE OR OTHERWISE) ARISING IN ANY WAY OUT OF THE USE OF THIS
  26           SOFTWARE, EVEN IF ADVISED OF THE POSSIBILITY OF SUCH DAMAGE.
  27           ******************************************************************************/
  28          
  29          #include "vl53l0x_api.h"
*** WARNING C318 IN LINE 32 OF C:\Users\User\Desktop\Laser_ranging\ranging_sensor\src\vl53l0x_api.h: can't open file 'vl
             -53l0x_api_strings.h'
*** WARNING C318 IN LINE 34 OF C:\Users\User\Desktop\Laser_ranging\ranging_sensor\src\vl53l0x_platform.h: can't open fil
             -e 'vl53l0x_platform_log.h'
*** WARNING C318 IN LINE 35 OF C:\Users\User\Desktop\Laser_ranging\ranging_sensor\src\vl53l0x_platform.h: can't open fil
             -e 'vl53l0x_i2c_platform.h'
*** ERROR C141 IN LINE 128 OF C:\Users\User\Desktop\Laser_ranging\ranging_sensor\src\vl53l0x_platform.h: syntax error ne
             -ar ',', expected '<id>'
*** ERROR C141 IN LINE 139 OF C:\Users\User\Desktop\Laser_ranging\ranging_sensor\src\vl53l0x_platform.h: syntax error ne
             -ar ',', expected '<id>'
*** ERROR C141 IN LINE 149 OF C:\Users\User\Desktop\Laser_ranging\ranging_sensor\src\vl53l0x_platform.h: syntax error ne
             -ar ')', expected '<id>'
*** ERROR C141 IN LINE 159 OF C:\Users\User\Desktop\Laser_ranging\ranging_sensor\src\vl53l0x_platform.h: syntax error ne
             -ar ')', expected '<id>'
*** ERROR C141 IN LINE 169 OF C:\Users\User\Desktop\Laser_ranging\ranging_sensor\src\vl53l0x_platform.h: syntax error ne
             -ar ')', expected '<id>'
*** ERROR C141 IN LINE 179 OF C:\Users\User\Desktop\Laser_ranging\ranging_sensor\src\vl53l0x_platform.h: syntax error ne
             -ar ')', expected '<id>'
*** ERROR C141 IN LINE 189 OF C:\Users\User\Desktop\Laser_ranging\ranging_sensor\src\vl53l0x_platform.h: syntax error ne
             -ar ')', expected '<id>'
*** ERROR C141 IN LINE 199 OF C:\Users\User\Desktop\Laser_ranging\ranging_sensor\src\vl53l0x_platform.h: syntax error ne
             -ar ')', expected '<id>'
  30          #include "vl53l0x_tuning.h"
C51 COMPILER V9.60.0.0   VL53L0X_API                                                       09/19/2025 16:16:51 PAGE 2   

*** WARNING C318 IN LINE 30 OF C:\Users\User\Desktop\Laser_ranging\ranging_sensor\src\vl53l0x_api.c: can't open file 'vl
             -53l0x_tuning.h'
  31          #include "vl53l0x_interrupt_threshold_settings.h"
*** WARNING C318 IN LINE 31 OF C:\Users\User\Desktop\Laser_ranging\ranging_sensor\src\vl53l0x_api.c: can't open file 'vl
             -53l0x_interrupt_threshold_settings.h'
  32          #include "vl53l0x_api_core.h"
*** WARNING C318 IN LINE 32 OF C:\Users\User\Desktop\Laser_ranging\ranging_sensor\src\vl53l0x_api.c: can't open file 'vl
             -53l0x_api_core.h'
  33          #include "vl53l0x_api_calibration.h"
*** WARNING C318 IN LINE 33 OF C:\Users\User\Desktop\Laser_ranging\ranging_sensor\src\vl53l0x_api.c: can't open file 'vl
             -53l0x_api_calibration.h'
  34          #include "vl53l0x_api_strings.h"
*** WARNING C318 IN LINE 34 OF C:\Users\User\Desktop\Laser_ranging\ranging_sensor\src\vl53l0x_api.c: can't open file 'vl
             -53l0x_api_strings.h'
  35          
  36          #ifndef __KERNEL__
  37          #include <stdlib.h>
  38          #endif
  39          #define LOG_FUNCTION_START(fmt, ...) \
*** ERROR C301 IN LINE 39 OF C:\Users\User\Desktop\Laser_ranging\ranging_sensor\src\vl53l0x_api.c: identifier expected
  40                  _LOG_FUNCTION_START(TRACE_MODULE_API, fmt, ##__VA_ARGS__)
*** ERROR C301 IN LINE 39 OF C:\Users\User\Desktop\Laser_ranging\ranging_sensor\src\vl53l0x_api.c: identifier expected
*** ERROR C304 IN LINE 39 OF C:\Users\User\Desktop\Laser_ranging\ranging_sensor\src\vl53l0x_api.c: bad macro parameter l
             -ist
  41          #define LOG_FUNCTION_END(status, ...) \
*** ERROR C301 IN LINE 41 OF C:\Users\User\Desktop\Laser_ranging\ranging_sensor\src\vl53l0x_api.c: identifier expected
  42                  _LOG_FUNCTION_END(TRACE_MODULE_API, status, ##__VA_ARGS__)
*** ERROR C301 IN LINE 41 OF C:\Users\User\Desktop\Laser_ranging\ranging_sensor\src\vl53l0x_api.c: identifier expected
*** ERROR C304 IN LINE 41 OF C:\Users\User\Desktop\Laser_ranging\ranging_sensor\src\vl53l0x_api.c: bad macro parameter l
             -ist
  43          #define LOG_FUNCTION_END_FMT(status, fmt, ...) \
*** ERROR C301 IN LINE 43 OF C:\Users\User\Desktop\Laser_ranging\ranging_sensor\src\vl53l0x_api.c: identifier expected
  44                  _LOG_FUNCTION_END_FMT(TRACE_MODULE_API, status, fmt, ##__VA_ARGS__)
*** ERROR C301 IN LINE 43 OF C:\Users\User\Desktop\Laser_ranging\ranging_sensor\src\vl53l0x_api.c: identifier expected
*** ERROR C304 IN LINE 43 OF C:\Users\User\Desktop\Laser_ranging\ranging_sensor\src\vl53l0x_api.c: bad macro parameter l
             -ist
  45          
  46          #ifdef VL53L0X_LOG_ENABLE
              #define trace_print(level, ...) trace_print_module_function(TRACE_MODULE_API, \
                      level, TRACE_FUNCTION_NONE, ##__VA_ARGS__)
              #endif
  50          
  51          /* Group PAL General Functions */
  52          
  53          VL53L0X_Error VL53L0X_GetVersion(VL53L0X_Version_t *pVersion)
  54          {
  55   1              VL53L0X_Error Status = VL53L0X_ERROR_NONE;
  56   1      
  57   1              LOG_FUNCTION_START("");
  58   1      
  59   1              pVersion->major = VL53L0X_IMPLEMENTATION_VER_MAJOR;
  60   1              pVersion->minor = VL53L0X_IMPLEMENTATION_VER_MINOR;
  61   1              pVersion->build = VL53L0X_IMPLEMENTATION_VER_SUB;
  62   1      
  63   1              pVersion->revision = VL53L0X_IMPLEMENTATION_VER_REVISION;
  64   1      
  65   1              LOG_FUNCTION_END(Status);
  66   1              return Status;
  67   1      }
  68          
  69          VL53L0X_Error VL53L0X_GetPalSpecVersion(VL53L0X_Version_t *pPalSpecVersion)
  70          {
  71   1              VL53L0X_Error Status = VL53L0X_ERROR_NONE;
C51 COMPILER V9.60.0.0   VL53L0X_API                                                       09/19/2025 16:16:51 PAGE 3   

  72   1      
  73   1              LOG_FUNCTION_START("");
  74   1      
  75   1              pPalSpecVersion->major = VL53L0X_SPECIFICATION_VER_MAJOR;
  76   1              pPalSpecVersion->minor = VL53L0X_SPECIFICATION_VER_MINOR;
  77   1              pPalSpecVersion->build = VL53L0X_SPECIFICATION_VER_SUB;
  78   1      
  79   1              pPalSpecVersion->revision = VL53L0X_SPECIFICATION_VER_REVISION;
  80   1      
  81   1              LOG_FUNCTION_END(Status);
  82   1              return Status;
  83   1      }
  84          
  85          VL53L0X_Error VL53L0X_GetProductRevision(VL53L0X_DEV Dev,
  86                  uint8_t *pProductRevisionMajor, uint8_t *pProductRevisionMinor)
  87          {
  88   1              VL53L0X_Error Status = VL53L0X_ERROR_NONE;
  89   1              uint8_t revision_id;
  90   1      
  91   1              LOG_FUNCTION_START("");
  92   1      
  93   1              Status = VL53L0X_RdByte(Dev, VL53L0X_REG_IDENTIFICATION_REVISION_ID,
  94   1                      &revision_id);
  95   1              *pProductRevisionMajor = 1;
  96   1              *pProductRevisionMinor = (revision_id & 0xF0) >> 4;
  97   1      
  98   1              LOG_FUNCTION_END(Status);
  99   1              return Status;
 100   1      
 101   1      }
 102          
 103          VL53L0X_Error VL53L0X_GetDeviceInfo(VL53L0X_DEV Dev,
 104                  VL53L0X_DeviceInfo_t *pVL53L0X_DeviceInfo)
 105          {
 106   1              VL53L0X_Error Status = VL53L0X_ERROR_NONE;
 107   1      
 108   1              LOG_FUNCTION_START("");
 109   1      
 110   1              Status = VL53L0X_get_device_info(Dev, pVL53L0X_DeviceInfo);
 111   1      
 112   1              LOG_FUNCTION_END(Status);
 113   1              return Status;
 114   1      }
 115          
 116          VL53L0X_Error VL53L0X_GetDeviceErrorStatus(VL53L0X_DEV Dev,
 117                  VL53L0X_DeviceError *pDeviceErrorStatus)
 118          {
 119   1              VL53L0X_Error Status = VL53L0X_ERROR_NONE;
 120   1              uint8_t RangeStatus;
 121   1      
 122   1              LOG_FUNCTION_START("");
 123   1      
 124   1              Status = VL53L0X_RdByte(Dev, VL53L0X_REG_RESULT_RANGE_STATUS,
 125   1                      &RangeStatus);
 126   1      
 127   1              *pDeviceErrorStatus = (VL53L0X_DeviceError)((RangeStatus & 0x78) >> 3);
 128   1      
 129   1              LOG_FUNCTION_END(Status);
 130   1              return Status;
 131   1      }
 132          
 133          
 134          VL53L0X_Error VL53L0X_GetDeviceErrorString(VL53L0X_DeviceError ErrorCode,
C51 COMPILER V9.60.0.0   VL53L0X_API                                                       09/19/2025 16:16:51 PAGE 4   

 135                  char *pDeviceErrorString)
 136          {
 137   1              VL53L0X_Error Status = VL53L0X_ERROR_NONE;
 138   1      
 139   1              LOG_FUNCTION_START("");
 140   1      
 141   1              Status = VL53L0X_get_device_error_string(ErrorCode, pDeviceErrorString);
 142   1      
 143   1              LOG_FUNCTION_END(Status);
 144   1              return Status;
 145   1      }
 146          
 147          VL53L0X_Error VL53L0X_GetRangeStatusString(uint8_t RangeStatus,
 148                  char *pRangeStatusString)
 149          {
 150   1              VL53L0X_Error Status = VL53L0X_ERROR_NONE;
 151   1      
 152   1              LOG_FUNCTION_START("");
 153   1      
 154   1              Status = VL53L0X_get_range_status_string(RangeStatus,
 155   1                      pRangeStatusString);
 156   1      
 157   1              LOG_FUNCTION_END(Status);
 158   1              return Status;
 159   1      }
 160          
 161          VL53L0X_Error VL53L0X_GetPalErrorString(VL53L0X_Error PalErrorCode,
 162                  char *pPalErrorString)
 163          {
 164   1              VL53L0X_Error Status = VL53L0X_ERROR_NONE;
 165   1      
 166   1              LOG_FUNCTION_START("");
 167   1      
 168   1              Status = VL53L0X_get_pal_error_string(PalErrorCode, pPalErrorString);
 169   1      
 170   1              LOG_FUNCTION_END(Status);
 171   1              return Status;
 172   1      }
 173          
 174          VL53L0X_Error VL53L0X_GetPalStateString(VL53L0X_State PalStateCode,
 175                  char *pPalStateString)
 176          {
 177   1              VL53L0X_Error Status = VL53L0X_ERROR_NONE;
 178   1      
 179   1              LOG_FUNCTION_START("");
 180   1      
 181   1              Status = VL53L0X_get_pal_state_string(PalStateCode, pPalStateString);
 182   1      
 183   1              LOG_FUNCTION_END(Status);
 184   1              return Status;
 185   1      }
 186          
 187          VL53L0X_Error VL53L0X_GetPalState(VL53L0X_DEV Dev, VL53L0X_State *pPalState)
 188          {
 189   1              VL53L0X_Error Status = VL53L0X_ERROR_NONE;
 190   1      
 191   1              LOG_FUNCTION_START("");
 192   1      
 193   1              *pPalState = PALDevDataGet(Dev, PalState);
 194   1      
 195   1              LOG_FUNCTION_END(Status);
 196   1              return Status;
 197   1      }
C51 COMPILER V9.60.0.0   VL53L0X_API                                                       09/19/2025 16:16:51 PAGE 5   

 198          
 199          VL53L0X_Error VL53L0X_SetPowerMode(VL53L0X_DEV Dev,
 200                                             VL53L0X_PowerModes PowerMode)
 201          {
 202   1              VL53L0X_Error Status = VL53L0X_ERROR_NONE;
 203   1      
 204   1              LOG_FUNCTION_START("");
 205   1      
 206   1              /* Only level1 of Power mode exists */
 207   1              if ((PowerMode != VL53L0X_POWERMODE_STANDBY_LEVEL1)
 208   1                      && (PowerMode != VL53L0X_POWERMODE_IDLE_LEVEL1)) {
 209   2                      Status = VL53L0X_ERROR_MODE_NOT_SUPPORTED;
 210   2              } else if (PowerMode == VL53L0X_POWERMODE_STANDBY_LEVEL1) {
 211   2                      /* set the standby level1 of power mode */
 212   2                      Status = VL53L0X_WrByte(Dev, 0x80, 0x00);
 213   2                      if (Status == VL53L0X_ERROR_NONE) {
 214   3                              /* Set PAL State to standby */
 215   3                              PALDevDataSet(Dev, PalState, VL53L0X_STATE_STANDBY);
 216   3                              PALDevDataSet(Dev, PowerMode,
 217   3                                      VL53L0X_POWERMODE_STANDBY_LEVEL1);
 218   3                      }
 219   2      
 220   2              } else {
 221   2                      /* VL53L0X_POWERMODE_IDLE_LEVEL1 */
 222   2                      Status = VL53L0X_WrByte(Dev, 0x80, 0x00);
 223   2                      if (Status == VL53L0X_ERROR_NONE)
 224   2                              Status = VL53L0X_StaticInit(Dev);
 225   2      
 226   2                      if (Status == VL53L0X_ERROR_NONE)
 227   2                              PALDevDataSet(Dev, PowerMode,
 228   2                                      VL53L0X_POWERMODE_IDLE_LEVEL1);
 229   2      
 230   2              }
 231   1      
 232   1              LOG_FUNCTION_END(Status);
 233   1              return Status;
 234   1      }
 235          
 236          VL53L0X_Error VL53L0X_GetPowerMode(VL53L0X_DEV Dev,
 237                                             VL53L0X_PowerModes *pPowerMode)
 238          {
 239   1              VL53L0X_Error Status = VL53L0X_ERROR_NONE;
 240   1              uint8_t Byte;
 241   1      
 242   1              LOG_FUNCTION_START("");
 243   1      
 244   1              /* Only level1 of Power mode exists */
 245   1              Status = VL53L0X_RdByte(Dev, 0x80, &Byte);
 246   1      
 247   1              if (Status == VL53L0X_ERROR_NONE) {
 248   2                      if (Byte == 1) {
 249   3                              PALDevDataSet(Dev, PowerMode,
 250   3                                      VL53L0X_POWERMODE_IDLE_LEVEL1);
 251   3                      } else {
 252   3                              PALDevDataSet(Dev, PowerMode,
 253   3                                      VL53L0X_POWERMODE_STANDBY_LEVEL1);
 254   3                      }
 255   2              }
 256   1      
 257   1              LOG_FUNCTION_END(Status);
 258   1              return Status;
 259   1      }
 260          
C51 COMPILER V9.60.0.0   VL53L0X_API                                                       09/19/2025 16:16:51 PAGE 6   

 261          VL53L0X_Error VL53L0X_SetOffsetCalibrationDataMicroMeter(VL53L0X_DEV Dev,
 262                  int32_t OffsetCalibrationDataMicroMeter)
 263          {
 264   1              VL53L0X_Error Status = VL53L0X_ERROR_NONE;
 265   1      
 266   1              LOG_FUNCTION_START("");
 267   1      
 268   1              Status = VL53L0X_set_offset_calibration_data_micro_meter(Dev,
 269   1                      OffsetCalibrationDataMicroMeter);
 270   1      
 271   1              LOG_FUNCTION_END(Status);
 272   1              return Status;
 273   1      }
 274          
 275          VL53L0X_Error VL53L0X_GetOffsetCalibrationDataMicroMeter(VL53L0X_DEV Dev,
 276                  int32_t *pOffsetCalibrationDataMicroMeter)
 277          {
 278   1              VL53L0X_Error Status = VL53L0X_ERROR_NONE;
 279   1      
 280   1              LOG_FUNCTION_START("");
 281   1      
 282   1              Status = VL53L0X_get_offset_calibration_data_micro_meter(Dev,
 283   1                      pOffsetCalibrationDataMicroMeter);
 284   1      
 285   1              LOG_FUNCTION_END(Status);
 286   1              return Status;
 287   1      }
 288          
 289          VL53L0X_Error VL53L0X_SetLinearityCorrectiveGain(VL53L0X_DEV Dev,
 290                  int16_t LinearityCorrectiveGain)
 291          {
 292   1              VL53L0X_Error Status = VL53L0X_ERROR_NONE;
 293   1      
 294   1              LOG_FUNCTION_START("");
 295   1      
 296   1              if ((LinearityCorrectiveGain < 0) || (LinearityCorrectiveGain > 1000))
 297   1                      Status = VL53L0X_ERROR_INVALID_PARAMS;
 298   1              else {
 299   2                      PALDevDataSet(Dev, LinearityCorrectiveGain,
 300   2                              LinearityCorrectiveGain);
 301   2      
 302   2                      if (LinearityCorrectiveGain != 1000) {
 303   3                              /* Disable FW Xtalk */
 304   3                              Status = VL53L0X_WrWord(Dev,
 305   3                              VL53L0X_REG_CROSSTALK_COMPENSATION_PEAK_RATE_MCPS, 0);
 306   3                      }
 307   2              }
 308   1      
 309   1              LOG_FUNCTION_END(Status);
 310   1              return Status;
 311   1      }
 312          
 313          VL53L0X_Error VL53L0X_GetLinearityCorrectiveGain(VL53L0X_DEV Dev,
 314                  uint16_t *pLinearityCorrectiveGain)
 315          {
 316   1              VL53L0X_Error Status = VL53L0X_ERROR_NONE;
 317   1      
 318   1              LOG_FUNCTION_START("");
 319   1      
 320   1              *pLinearityCorrectiveGain = PALDevDataGet(Dev, LinearityCorrectiveGain);
 321   1      
 322   1              LOG_FUNCTION_END(Status);
 323   1              return Status;
C51 COMPILER V9.60.0.0   VL53L0X_API                                                       09/19/2025 16:16:51 PAGE 7   

 324   1      }
 325          
 326          VL53L0X_Error VL53L0X_SetGroupParamHold(VL53L0X_DEV Dev, uint8_t GroupParamHold)
 327          {
 328   1              VL53L0X_Error Status = VL53L0X_ERROR_NOT_IMPLEMENTED;
 329   1      
 330   1              LOG_FUNCTION_START("");
 331   1      
 332   1              /* not implemented on VL53L0X */
 333   1      
 334   1              LOG_FUNCTION_END(Status);
 335   1              return Status;
 336   1      }
 337          
 338          VL53L0X_Error VL53L0X_GetUpperLimitMilliMeter(VL53L0X_DEV Dev,
 339                  uint16_t *pUpperLimitMilliMeter)
 340          {
 341   1              VL53L0X_Error Status = VL53L0X_ERROR_NOT_IMPLEMENTED;
 342   1      
 343   1              LOG_FUNCTION_START("");
 344   1      
 345   1              /* not implemented on VL53L0X */
 346   1      
 347   1              LOG_FUNCTION_END(Status);
 348   1              return Status;
 349   1      }
 350          
 351          VL53L0X_Error VL53L0X_GetTotalSignalRate(VL53L0X_DEV Dev,
 352                  FixPoint1616_t *pTotalSignalRate)
 353          {
 354   1              VL53L0X_Error Status = VL53L0X_ERROR_NONE;
 355   1              VL53L0X_RangingMeasurementData_t LastRangeDataBuffer;
 356   1      
 357   1              LOG_FUNCTION_START("");
 358   1      
 359   1              LastRangeDataBuffer = PALDevDataGet(Dev, LastRangeMeasure);
 360   1      
 361   1              Status = VL53L0X_get_total_signal_rate(
 362   1                      Dev, &LastRangeDataBuffer, pTotalSignalRate);
 363   1      
 364   1              LOG_FUNCTION_END(Status);
 365   1              return Status;
 366   1      }
 367          
 368          /* End Group PAL General Functions */
 369          
 370          /* Group PAL Init Functions */
 371          VL53L0X_Error VL53L0X_SetDeviceAddress(VL53L0X_DEV Dev, uint8_t DeviceAddress)
 372          {
 373   1              VL53L0X_Error Status = VL53L0X_ERROR_NONE;
 374   1      
 375   1              LOG_FUNCTION_START("");
 376   1      
 377   1              Status = VL53L0X_WrByte(Dev, VL53L0X_REG_I2C_SLAVE_DEVICE_ADDRESS,
 378   1                      DeviceAddress / 2);
 379   1      
 380   1              LOG_FUNCTION_END(Status);
 381   1              return Status;
 382   1      }
 383          
 384          VL53L0X_Error VL53L0X_DataInit(VL53L0X_DEV Dev)
 385          {
 386   1              VL53L0X_Error Status = VL53L0X_ERROR_NONE;
C51 COMPILER V9.60.0.0   VL53L0X_API                                                       09/19/2025 16:16:51 PAGE 8   

 387   1              VL53L0X_DeviceParameters_t CurrentParameters;
 388   1              int i;
 389   1              uint8_t StopVariable;
 390   1      
 391   1              LOG_FUNCTION_START("");
 392   1      
 393   1              /* by default the I2C is running at 1V8 if you want to change it you
 394   1               * need to include this define at compilation level.
 395   1               */
 396   1      #ifdef USE_I2C_2V8
                      Status = VL53L0X_UpdateByte(Dev,
                              VL53L0X_REG_VHV_CONFIG_PAD_SCL_SDA__EXTSUP_HV,
                              0xFE,
                              0x01);
              #endif
 402   1      
 403   1              /* Set I2C standard mode */
 404   1              if (Status == VL53L0X_ERROR_NONE)
 405   1                      Status = VL53L0X_WrByte(Dev, 0x88, 0x00);
 406   1      
 407   1              VL53L0X_SETDEVICESPECIFICPARAMETER(Dev, ReadDataFromDeviceDone, 0);
 408   1      
 409   1      #ifdef USE_IQC_STATION
                      if (Status == VL53L0X_ERROR_NONE)
                              Status = VL53L0X_apply_offset_adjustment(Dev);
              #endif
 413   1      
 414   1              /* Default value is 1000 for Linearity Corrective Gain */
 415   1              PALDevDataSet(Dev, LinearityCorrectiveGain, 1000);
 416   1      
 417   1              /* Set Default static parameters
 418   1               *set first temporary values 9.44MHz * 65536 = 618660
 419   1               */
 420   1              VL53L0X_SETDEVICESPECIFICPARAMETER(Dev, OscFrequencyMHz, 618660);
 421   1      
 422   1              /* Set Default XTalkCompensationRateMegaCps to 0  */
 423   1              VL53L0X_SETPARAMETERFIELD(Dev, XTalkCompensationRateMegaCps, 0);
 424   1      
 425   1              /* Get default parameters */
 426   1              Status = VL53L0X_GetDeviceParameters(Dev, &CurrentParameters);
 427   1              if (Status == VL53L0X_ERROR_NONE) {
 428   2                      /* initialize PAL values */
 429   2                      CurrentParameters.DeviceMode =
 430   2                                              VL53L0X_DEVICEMODE_SINGLE_RANGING;
 431   2                      CurrentParameters.HistogramMode =
 432   2                                              VL53L0X_HISTOGRAMMODE_DISABLED;
 433   2      
 434   2                      /* Dmax lookup table */
 435   2              /* 0.0 */
 436   2              CurrentParameters.dmax_lut.ambRate_mcps[0] = (FixPoint1616_t)0x00000000;
 437   2              /* 1200 */
 438   2              CurrentParameters.dmax_lut.dmax_mm[0]      = (FixPoint1616_t)0x04B00000;
 439   2              /* 0.7 */
 440   2              CurrentParameters.dmax_lut.ambRate_mcps[1] = (FixPoint1616_t)0x0000B333;
 441   2              /* 1100 */
 442   2              CurrentParameters.dmax_lut.dmax_mm[1]      = (FixPoint1616_t)0x044C0000;
 443   2              /* 2 */
 444   2              CurrentParameters.dmax_lut.ambRate_mcps[2] = (FixPoint1616_t)0x00020000;
 445   2              /* 900 */
 446   2              CurrentParameters.dmax_lut.dmax_mm[2]      = (FixPoint1616_t)0x03840000;
 447   2              /* 3.8 */
 448   2              CurrentParameters.dmax_lut.ambRate_mcps[3] = (FixPoint1616_t)0x0003CCCC;
 449   2              /* 750 */
C51 COMPILER V9.60.0.0   VL53L0X_API                                                       09/19/2025 16:16:51 PAGE 9   

 450   2              CurrentParameters.dmax_lut.dmax_mm[3]      = (FixPoint1616_t)0x02EE0000;
 451   2              /* 7.3 */
 452   2              CurrentParameters.dmax_lut.ambRate_mcps[4] = (FixPoint1616_t)0x00074CCC;
 453   2              /* 550 */
 454   2              CurrentParameters.dmax_lut.dmax_mm[4]      = (FixPoint1616_t)0x02260000;
 455   2              /* 10 */
 456   2              CurrentParameters.dmax_lut.ambRate_mcps[5] = (FixPoint1616_t)0x000A0000;
 457   2              /* 500 */
 458   2              CurrentParameters.dmax_lut.dmax_mm[5]      = (FixPoint1616_t)0x01F40000;
 459   2              /* 15 */
 460   2              CurrentParameters.dmax_lut.ambRate_mcps[6] = (FixPoint1616_t)0x000F0000;
 461   2              /* 400 */
 462   2              CurrentParameters.dmax_lut.dmax_mm[6]      = (FixPoint1616_t)0x01900000;
 463   2      
 464   2                      PALDevDataSet(Dev, CurrentParameters, CurrentParameters);
 465   2              }
 466   1      
 467   1              /* Sigma estimator variable */
 468   1              PALDevDataSet(Dev, SigmaEstRefArray, 100);
 469   1              PALDevDataSet(Dev, SigmaEstEffPulseWidth, 900);
 470   1              PALDevDataSet(Dev, SigmaEstEffAmbWidth, 500);
 471   1              PALDevDataSet(Dev, targetRefRate, 0x0A00); /* 20 MCPS in 9:7 format */
 472   1      
 473   1              /* Use internal default settings */
 474   1              PALDevDataSet(Dev, UseInternalTuningSettings, 1);
 475   1      
 476   1              Status |= VL53L0X_WrByte(Dev, 0x80, 0x01);
 477   1              Status |= VL53L0X_WrByte(Dev, 0xFF, 0x01);
 478   1              Status |= VL53L0X_WrByte(Dev, 0x00, 0x00);
 479   1              Status |= VL53L0X_RdByte(Dev, 0x91, &StopVariable);
 480   1              PALDevDataSet(Dev, StopVariable, StopVariable);
 481   1              Status |= VL53L0X_WrByte(Dev, 0x00, 0x01);
 482   1              Status |= VL53L0X_WrByte(Dev, 0xFF, 0x00);
 483   1              Status |= VL53L0X_WrByte(Dev, 0x80, 0x00);
 484   1      
 485   1              /* Enable all check */
 486   1              for (i = 0; i < VL53L0X_CHECKENABLE_NUMBER_OF_CHECKS; i++) {
 487   2                      if (Status == VL53L0X_ERROR_NONE)
 488   2                              Status |= VL53L0X_SetLimitCheckEnable(Dev, i, 1);
 489   2                      else
 490   2                              break;
 491   2      
 492   2              }
 493   1      
 494   1              /* Disable the following checks */
 495   1              if (Status == VL53L0X_ERROR_NONE)
 496   1                      Status = VL53L0X_SetLimitCheckEnable(Dev,
 497   1                              VL53L0X_CHECKENABLE_SIGNAL_REF_CLIP, 0);
 498   1      
 499   1              if (Status == VL53L0X_ERROR_NONE)
 500   1                      Status = VL53L0X_SetLimitCheckEnable(Dev,
 501   1                              VL53L0X_CHECKENABLE_RANGE_IGNORE_THRESHOLD, 0);
 502   1      
 503   1              if (Status == VL53L0X_ERROR_NONE)
 504   1                      Status = VL53L0X_SetLimitCheckEnable(Dev,
 505   1                              VL53L0X_CHECKENABLE_SIGNAL_RATE_MSRC, 0);
 506   1      
 507   1              if (Status == VL53L0X_ERROR_NONE)
 508   1                      Status = VL53L0X_SetLimitCheckEnable(Dev,
 509   1                              VL53L0X_CHECKENABLE_SIGNAL_RATE_PRE_RANGE, 0);
 510   1      
 511   1              /* Limit default values */
 512   1              if (Status == VL53L0X_ERROR_NONE) {
C51 COMPILER V9.60.0.0   VL53L0X_API                                                       09/19/2025 16:16:51 PAGE 10  

 513   2                      Status = VL53L0X_SetLimitCheckValue(Dev,
 514   2                              VL53L0X_CHECKENABLE_SIGMA_FINAL_RANGE,
 515   2                                      (FixPoint1616_t)(18 * 65536));
 516   2              }
 517   1              if (Status == VL53L0X_ERROR_NONE) {
 518   2                      Status = VL53L0X_SetLimitCheckValue(Dev,
 519   2                              VL53L0X_CHECKENABLE_SIGNAL_RATE_FINAL_RANGE,
 520   2                                      (FixPoint1616_t)(25 * 65536 / 100));
 521   2                                      /* 0.25 * 65536 */
 522   2              }
 523   1      
 524   1              if (Status == VL53L0X_ERROR_NONE) {
 525   2                      Status = VL53L0X_SetLimitCheckValue(Dev,
 526   2                              VL53L0X_CHECKENABLE_SIGNAL_REF_CLIP,
 527   2                                      (FixPoint1616_t)(35 * 65536));
 528   2              }
 529   1      
 530   1              if (Status == VL53L0X_ERROR_NONE) {
 531   2                      Status = VL53L0X_SetLimitCheckValue(Dev,
 532   2                              VL53L0X_CHECKENABLE_RANGE_IGNORE_THRESHOLD,
 533   2                                      (FixPoint1616_t)(0 * 65536));
 534   2              }
 535   1      
 536   1              if (Status == VL53L0X_ERROR_NONE) {
 537   2      
 538   2                      PALDevDataSet(Dev, SequenceConfig, 0xFF);
 539   2                      Status = VL53L0X_WrByte(Dev, VL53L0X_REG_SYSTEM_SEQUENCE_CONFIG,
 540   2                              0xFF);
 541   2      
 542   2                      /* Set PAL state to tell that we are waiting for call to
 543   2                       * VL53L0X_StaticInit
 544   2                       */
 545   2                      PALDevDataSet(Dev, PalState, VL53L0X_STATE_WAIT_STATICINIT);
 546   2              }
 547   1      
 548   1              if (Status == VL53L0X_ERROR_NONE)
 549   1                      VL53L0X_SETDEVICESPECIFICPARAMETER(Dev, RefSpadsInitialised, 0);
 550   1      
 551   1      
 552   1              LOG_FUNCTION_END(Status);
 553   1              return Status;
 554   1      }
 555          
 556          VL53L0X_Error VL53L0X_SetTuningSettingBuffer(VL53L0X_DEV Dev,
 557                  uint8_t *pTuningSettingBuffer, uint8_t UseInternalTuningSettings)
 558          {
 559   1              VL53L0X_Error Status = VL53L0X_ERROR_NONE;
 560   1      
 561   1              LOG_FUNCTION_START("");
 562   1      
 563   1              if (UseInternalTuningSettings == 1) {
 564   2                      /* Force use internal settings */
 565   2                      PALDevDataSet(Dev, UseInternalTuningSettings, 1);
 566   2              } else {
 567   2      
 568   2                      /* check that the first byte is not 0 */
 569   2                      if (*pTuningSettingBuffer != 0) {
 570   3                              PALDevDataSet(Dev, pTuningSettingsPointer,
 571   3                                      pTuningSettingBuffer);
 572   3                              PALDevDataSet(Dev, UseInternalTuningSettings, 0);
 573   3      
 574   3                      } else {
 575   3                              Status = VL53L0X_ERROR_INVALID_PARAMS;
C51 COMPILER V9.60.0.0   VL53L0X_API                                                       09/19/2025 16:16:51 PAGE 11  

 576   3                      }
 577   2              }
 578   1      
 579   1              LOG_FUNCTION_END(Status);
 580   1              return Status;
 581   1      }
 582          
 583          VL53L0X_Error VL53L0X_GetTuningSettingBuffer(VL53L0X_DEV Dev,
 584                  uint8_t **ppTuningSettingBuffer, uint8_t *pUseInternalTuningSettings)
 585          {
 586   1              VL53L0X_Error Status = VL53L0X_ERROR_NONE;
 587   1      
 588   1              LOG_FUNCTION_START("");
 589   1      
 590   1              *ppTuningSettingBuffer = PALDevDataGet(Dev, pTuningSettingsPointer);
 591   1              *pUseInternalTuningSettings = PALDevDataGet(Dev,
 592   1                      UseInternalTuningSettings);
 593   1      
 594   1              LOG_FUNCTION_END(Status);
 595   1              return Status;
 596   1      }
 597          
 598          VL53L0X_Error VL53L0X_StaticInit(VL53L0X_DEV Dev)
 599          {
 600   1              VL53L0X_Error Status = VL53L0X_ERROR_NONE;
 601   1              VL53L0X_DeviceParameters_t CurrentParameters = {0};
 602   1              uint8_t *pTuningSettingBuffer;
 603   1              uint16_t tempword = 0;
 604   1              uint8_t tempbyte = 0;
 605   1              uint8_t UseInternalTuningSettings = 0;
 606   1              uint32_t count = 0;
 607   1              uint8_t isApertureSpads = 0;
 608   1              uint32_t refSpadCount = 0;
 609   1              uint8_t ApertureSpads = 0;
 610   1              uint8_t vcselPulsePeriodPCLK;
 611   1              uint32_t seqTimeoutMicroSecs;
 612   1      
 613   1              LOG_FUNCTION_START("");
 614   1      
 615   1              Status = VL53L0X_get_info_from_device(Dev, 1);
 616   1      
 617   1              /* set the ref spad from NVM */
 618   1              count   = (uint32_t)VL53L0X_GETDEVICESPECIFICPARAMETER(Dev,
 619   1                      ReferenceSpadCount);
 620   1              ApertureSpads = VL53L0X_GETDEVICESPECIFICPARAMETER(Dev,
 621   1                      ReferenceSpadType);
 622   1      
 623   1              /* NVM value invalid */
 624   1              if ((ApertureSpads > 1) ||
 625   1                      ((ApertureSpads == 1) && (count > 32)) ||
 626   1                      ((ApertureSpads == 0) && (count > 12)))
 627   1                      Status = VL53L0X_perform_ref_spad_management(Dev, &refSpadCount,
 628   1                              &isApertureSpads);
 629   1              else
 630   1                      Status = VL53L0X_set_reference_spads(Dev, count, ApertureSpads);
 631   1      
 632   1      
 633   1              /* Initialize tuning settings buffer to prevent compiler warning. */
 634   1              pTuningSettingBuffer = DefaultTuningSettings;
 635   1      
 636   1              if (Status == VL53L0X_ERROR_NONE) {
 637   2                      UseInternalTuningSettings = PALDevDataGet(Dev,
 638   2                              UseInternalTuningSettings);
C51 COMPILER V9.60.0.0   VL53L0X_API                                                       09/19/2025 16:16:51 PAGE 12  

 639   2      
 640   2                      if (UseInternalTuningSettings == 0)
 641   2                              pTuningSettingBuffer = PALDevDataGet(Dev,
 642   2                                      pTuningSettingsPointer);
 643   2                      else
 644   2                              pTuningSettingBuffer = DefaultTuningSettings;
 645   2      
 646   2              }
 647   1      
 648   1              if (Status == VL53L0X_ERROR_NONE)
 649   1                      Status = VL53L0X_load_tuning_settings(Dev,
 650   1                                                            pTuningSettingBuffer);
 651   1      
 652   1      
 653   1              /* Set interrupt config to new sample ready */
 654   1              if (Status == VL53L0X_ERROR_NONE) {
 655   2                      Status = VL53L0X_SetGpioConfig(Dev, 0, 0,
 656   2                      VL53L0X_REG_SYSTEM_INTERRUPT_GPIO_NEW_SAMPLE_READY,
 657   2                      VL53L0X_INTERRUPTPOLARITY_LOW);
 658   2              }
 659   1      
 660   1              if (Status == VL53L0X_ERROR_NONE) {
 661   2                      Status = VL53L0X_WrByte(Dev, 0xFF, 0x01);
 662   2                      Status |= VL53L0X_RdWord(Dev, 0x84, &tempword);
 663   2                      Status |= VL53L0X_WrByte(Dev, 0xFF, 0x00);
 664   2              }
 665   1      
 666   1              if (Status == VL53L0X_ERROR_NONE) {
 667   2                      VL53L0X_SETDEVICESPECIFICPARAMETER(Dev, OscFrequencyMHz,
 668   2                              VL53L0X_FIXPOINT412TOFIXPOINT1616(tempword));
 669   2              }
 670   1      
 671   1              /* After static init, some device parameters may be changed,
 672   1               * so update them
 673   1               */
 674   1              if (Status == VL53L0X_ERROR_NONE)
 675   1                      Status = VL53L0X_GetDeviceParameters(Dev, &CurrentParameters);
 676   1      
 677   1      
 678   1              if (Status == VL53L0X_ERROR_NONE) {
 679   2                      Status = VL53L0X_GetFractionEnable(Dev, &tempbyte);
 680   2                      if (Status == VL53L0X_ERROR_NONE)
 681   2                              PALDevDataSet(Dev, RangeFractionalEnable, tempbyte);
 682   2      
 683   2              }
 684   1      
 685   1              if (Status == VL53L0X_ERROR_NONE)
 686   1                      PALDevDataSet(Dev, CurrentParameters, CurrentParameters);
 687   1      
 688   1      
 689   1              /* read the sequence config and save it */
 690   1              if (Status == VL53L0X_ERROR_NONE) {
 691   2                      Status = VL53L0X_RdByte(Dev,
 692   2                      VL53L0X_REG_SYSTEM_SEQUENCE_CONFIG, &tempbyte);
 693   2                      if (Status == VL53L0X_ERROR_NONE)
 694   2                              PALDevDataSet(Dev, SequenceConfig, tempbyte);
 695   2      
 696   2              }
 697   1      
 698   1              /* Disable MSRC and TCC by default */
 699   1              if (Status == VL53L0X_ERROR_NONE)
 700   1                      Status = VL53L0X_SetSequenceStepEnable(Dev,
 701   1                                              VL53L0X_SEQUENCESTEP_TCC, 0);
C51 COMPILER V9.60.0.0   VL53L0X_API                                                       09/19/2025 16:16:51 PAGE 13  

 702   1      
 703   1      
 704   1              if (Status == VL53L0X_ERROR_NONE)
 705   1                      Status = VL53L0X_SetSequenceStepEnable(Dev,
 706   1                      VL53L0X_SEQUENCESTEP_MSRC, 0);
 707   1      
 708   1      
 709   1              /* Set PAL State to standby */
 710   1              if (Status == VL53L0X_ERROR_NONE)
 711   1                      PALDevDataSet(Dev, PalState, VL53L0X_STATE_IDLE);
 712   1      
 713   1      
 714   1      
 715   1              /* Store pre-range vcsel period */
 716   1              if (Status == VL53L0X_ERROR_NONE) {
 717   2                      Status = VL53L0X_GetVcselPulsePeriod(
 718   2                              Dev,
 719   2                              VL53L0X_VCSEL_PERIOD_PRE_RANGE,
 720   2                              &vcselPulsePeriodPCLK);
 721   2              }
 722   1      
 723   1              if (Status == VL53L0X_ERROR_NONE) {
 724   2                      VL53L0X_SETDEVICESPECIFICPARAMETER(
 727   2                              Dev,
 727   2                              PreRangeVcselPulsePeriod,
 727   2                              vcselPulsePeriodPCLK);
 728   2              }
 729   1      
 730   1              /* Store final-range vcsel period */
 731   1              if (Status == VL53L0X_ERROR_NONE) {
 732   2                      Status = VL53L0X_GetVcselPulsePeriod(
 733   2                              Dev,
 734   2                              VL53L0X_VCSEL_PERIOD_FINAL_RANGE,
 735   2                              &vcselPulsePeriodPCLK);
 736   2              }
 737   1      
 738   1              if (Status == VL53L0X_ERROR_NONE) {
 739   2                      VL53L0X_SETDEVICESPECIFICPARAMETER(
 742   2                              Dev,
 742   2                              FinalRangeVcselPulsePeriod,
 742   2                              vcselPulsePeriodPCLK);
 743   2              }
 744   1      
 745   1              /* Store pre-range timeout */
 746   1              if (Status == VL53L0X_ERROR_NONE) {
 747   2                      Status = get_sequence_step_timeout(
 748   2                              Dev,
 749   2                              VL53L0X_SEQUENCESTEP_PRE_RANGE,
 750   2                              &seqTimeoutMicroSecs);
 751   2              }
 752   1      
 753   1              if (Status == VL53L0X_ERROR_NONE) {
 754   2                      VL53L0X_SETDEVICESPECIFICPARAMETER(
 757   2                              Dev,
 757   2                              PreRangeTimeoutMicroSecs,
 757   2                              seqTimeoutMicroSecs);
 758   2              }
 759   1      
 760   1              /* Store final-range timeout */
 761   1              if (Status == VL53L0X_ERROR_NONE) {
 762   2                      Status = get_sequence_step_timeout(
 763   2                              Dev,
 764   2                              VL53L0X_SEQUENCESTEP_FINAL_RANGE,
C51 COMPILER V9.60.0.0   VL53L0X_API                                                       09/19/2025 16:16:51 PAGE 14  

 765   2                              &seqTimeoutMicroSecs);
 766   2              }
 767   1      
 768   1              if (Status == VL53L0X_ERROR_NONE) {
 769   2                      VL53L0X_SETDEVICESPECIFICPARAMETER(
 772   2                              Dev,
 772   2                              FinalRangeTimeoutMicroSecs,
 772   2                              seqTimeoutMicroSecs);
 773   2              }
 774   1      
 775   1              LOG_FUNCTION_END(Status);
 776   1              return Status;
 777   1      }
 778          
 779          VL53L0X_Error VL53L0X_WaitDeviceBooted(VL53L0X_DEV Dev)
 780          {
 781   1              VL53L0X_Error Status = VL53L0X_ERROR_NOT_IMPLEMENTED;
 782   1      
 783   1              LOG_FUNCTION_START("");
 784   1      
 785   1              /* not implemented on VL53L0X */
 786   1      
 787   1              LOG_FUNCTION_END(Status);
 788   1              return Status;
 789   1      }
 790          
 791          VL53L0X_Error VL53L0X_ResetDevice(VL53L0X_DEV Dev)
 792          {
 793   1              VL53L0X_Error Status = VL53L0X_ERROR_NONE;
 794   1              uint8_t Byte;
 795   1      
 796   1              LOG_FUNCTION_START("");
 797   1      
 798   1              /* Set reset bit */
 799   1              Status = VL53L0X_WrByte(Dev, VL53L0X_REG_SOFT_RESET_GO2_SOFT_RESET_N,
 800   1                      0x00);
 801   1      
 802   1              /* Wait for some time */
 803   1              if (Status == VL53L0X_ERROR_NONE) {
 804   2                      do {
 805   3                              Status = VL53L0X_RdByte(Dev,
 806   3                              VL53L0X_REG_IDENTIFICATION_MODEL_ID, &Byte);
 807   3                      } while (Byte != 0x00);
 808   2              }
 809   1      
 810   1              VL53L0X_PollingDelay(Dev);
 811   1      
 812   1              /* Release reset */
 813   1              Status = VL53L0X_WrByte(Dev, VL53L0X_REG_SOFT_RESET_GO2_SOFT_RESET_N,
 814   1                      0x01);
 815   1      
 816   1              /* Wait until correct boot-up of the device */
 817   1              if (Status == VL53L0X_ERROR_NONE) {
 818   2                      do {
 819   3                              Status = VL53L0X_RdByte(Dev,
 820   3                              VL53L0X_REG_IDENTIFICATION_MODEL_ID, &Byte);
 821   3                      } while (Byte == 0x00);
 822   2              }
 823   1      
 824   1              VL53L0X_PollingDelay(Dev);
 825   1      
 826   1              /* Set PAL State to VL53L0X_STATE_POWERDOWN */
 827   1              if (Status == VL53L0X_ERROR_NONE)
C51 COMPILER V9.60.0.0   VL53L0X_API                                                       09/19/2025 16:16:51 PAGE 15  

 828   1                      PALDevDataSet(Dev, PalState, VL53L0X_STATE_POWERDOWN);
 829   1      
 830   1      
 831   1              LOG_FUNCTION_END(Status);
 832   1              return Status;
 833   1      }
 834          /* End Group PAL Init Functions */
 835          
 836          /* Group PAL Parameters Functions */
 837          VL53L0X_Error VL53L0X_SetDeviceParameters(VL53L0X_DEV Dev,
 838                  const VL53L0X_DeviceParameters_t *pDeviceParameters)
 839          {
 840   1              VL53L0X_Error Status = VL53L0X_ERROR_NONE;
 841   1              int i;
 842   1      
 843   1              LOG_FUNCTION_START("");
 844   1              Status = VL53L0X_SetDeviceMode(Dev, pDeviceParameters->DeviceMode);
 845   1      
 846   1              if (Status == VL53L0X_ERROR_NONE)
 847   1                      Status = VL53L0X_SetInterMeasurementPeriodMilliSeconds(Dev,
 848   1                              pDeviceParameters->InterMeasurementPeriodMilliSeconds);
 849   1      
 850   1      
 851   1              if (Status == VL53L0X_ERROR_NONE)
 852   1                      Status = VL53L0X_SetXTalkCompensationRateMegaCps(Dev,
 853   1                              pDeviceParameters->XTalkCompensationRateMegaCps);
 854   1      
 855   1      
 856   1              if (Status == VL53L0X_ERROR_NONE)
 857   1                      Status = VL53L0X_SetOffsetCalibrationDataMicroMeter(Dev,
 858   1                              pDeviceParameters->RangeOffsetMicroMeters);
 859   1      
 860   1      
 861   1              for (i = 0; i < VL53L0X_CHECKENABLE_NUMBER_OF_CHECKS; i++) {
 862   2                      if (Status == VL53L0X_ERROR_NONE)
 863   2                              Status |= VL53L0X_SetLimitCheckEnable(Dev, i,
 864   2                                      pDeviceParameters->LimitChecksEnable[i]);
 865   2                      else
 866   2                              break;
 867   2      
 868   2                      if (Status == VL53L0X_ERROR_NONE)
 869   2                              Status |= VL53L0X_SetLimitCheckValue(Dev, i,
 870   2                                      pDeviceParameters->LimitChecksValue[i]);
 871   2                      else
 872   2                              break;
 873   2      
 874   2              }
 875   1      
 876   1              if (Status == VL53L0X_ERROR_NONE)
 877   1                      Status = VL53L0X_SetWrapAroundCheckEnable(Dev,
 878   1                              pDeviceParameters->WrapAroundCheckEnable);
 879   1      
 880   1              if (Status == VL53L0X_ERROR_NONE)
 881   1                      Status = VL53L0X_SetMeasurementTimingBudgetMicroSeconds(Dev,
 882   1                              pDeviceParameters->MeasurementTimingBudgetMicroSeconds);
 883   1      
 884   1      
 885   1              LOG_FUNCTION_END(Status);
 886   1              return Status;
 887   1      }
 888          
 889          VL53L0X_Error VL53L0X_GetDeviceParameters(VL53L0X_DEV Dev,
 890                  VL53L0X_DeviceParameters_t *pDeviceParameters)
C51 COMPILER V9.60.0.0   VL53L0X_API                                                       09/19/2025 16:16:51 PAGE 16  

 891          {
 892   1              VL53L0X_Error Status = VL53L0X_ERROR_NONE;
 893   1              int i;
 894   1      
 895   1              LOG_FUNCTION_START("");
 896   1      
 897   1              Status = VL53L0X_GetDeviceMode(Dev, &(pDeviceParameters->DeviceMode));
 898   1      
 899   1              if (Status == VL53L0X_ERROR_NONE)
 900   1                      Status = VL53L0X_GetInterMeasurementPeriodMilliSeconds(Dev,
 901   1                      &(pDeviceParameters->InterMeasurementPeriodMilliSeconds));
 902   1      
 903   1      
 904   1              if (Status == VL53L0X_ERROR_NONE)
 905   1                      pDeviceParameters->XTalkCompensationEnable = 0;
 906   1      
 907   1              if (Status == VL53L0X_ERROR_NONE)
 908   1                      Status = VL53L0X_GetXTalkCompensationRateMegaCps(Dev,
 909   1                              &(pDeviceParameters->XTalkCompensationRateMegaCps));
 910   1      
 911   1      
 912   1              if (Status == VL53L0X_ERROR_NONE)
 913   1                      Status = VL53L0X_GetOffsetCalibrationDataMicroMeter(Dev,
 914   1                              &(pDeviceParameters->RangeOffsetMicroMeters));
 915   1      
 916   1      
 917   1              if (Status == VL53L0X_ERROR_NONE) {
 918   2                      for (i = 0; i < VL53L0X_CHECKENABLE_NUMBER_OF_CHECKS; i++) {
 919   3                              /* get first the values, then the enables.
 920   3                               * VL53L0X_GetLimitCheckValue will modify the enable
 921   3                               * flags
 922   3                               */
 923   3                              if (Status == VL53L0X_ERROR_NONE) {
 924   4                                      Status |= VL53L0X_GetLimitCheckValue(Dev, i,
 925   4                                      &(pDeviceParameters->LimitChecksValue[i]));
 926   4                              } else {
 927   4                                      break;
 928   4                              }
 929   3                              if (Status == VL53L0X_ERROR_NONE) {
 930   4                                      Status |= VL53L0X_GetLimitCheckEnable(Dev, i,
 931   4                                      &(pDeviceParameters->LimitChecksEnable[i]));
 932   4                              } else {
 933   4                                      break;
 934   4                              }
 935   3                      }
 936   2              }
 937   1      
 938   1              if (Status == VL53L0X_ERROR_NONE) {
 939   2                      Status = VL53L0X_GetWrapAroundCheckEnable(Dev,
 940   2                              &(pDeviceParameters->WrapAroundCheckEnable));
 941   2              }
 942   1      
 943   1              /* Need to be done at the end as it uses VCSELPulsePeriod */
 944   1              if (Status == VL53L0X_ERROR_NONE) {
 945   2                      Status = VL53L0X_GetMeasurementTimingBudgetMicroSeconds(Dev,
 946   2                      &(pDeviceParameters->MeasurementTimingBudgetMicroSeconds));
 947   2              }
 948   1      
 949   1              if (Status == VL53L0X_ERROR_NONE) {
 950   2                      for (i = 0; i < VL53L0X_DMAX_LUT_SIZE; i++) {
 951   3                              pDeviceParameters->dmax_lut.ambRate_mcps[i] =
 952   3                                 Dev->Data.CurrentParameters.dmax_lut.ambRate_mcps[i];
 953   3                              pDeviceParameters->dmax_lut.dmax_mm[i] =
C51 COMPILER V9.60.0.0   VL53L0X_API                                                       09/19/2025 16:16:51 PAGE 17  

 954   3                                 Dev->Data.CurrentParameters.dmax_lut.dmax_mm[i];
 955   3                      }
 956   2              }
 957   1      
 958   1              LOG_FUNCTION_END(Status);
 959   1              return Status;
 960   1      }
 961          
 962          VL53L0X_Error VL53L0X_SetDeviceMode(VL53L0X_DEV Dev,
 963                                              VL53L0X_DeviceModes DeviceMode)
 964          {
 965   1              VL53L0X_Error Status = VL53L0X_ERROR_NONE;
 966   1      
 967   1              LOG_FUNCTION_START("%d", (int)DeviceMode);
 968   1      
 969   1              switch (DeviceMode) {
 970   2              case VL53L0X_DEVICEMODE_SINGLE_RANGING:
 971   2              case VL53L0X_DEVICEMODE_CONTINUOUS_RANGING:
 972   2              case VL53L0X_DEVICEMODE_CONTINUOUS_TIMED_RANGING:
 973   2              case VL53L0X_DEVICEMODE_GPIO_DRIVE:
 974   2              case VL53L0X_DEVICEMODE_GPIO_OSC:
 975   2                      /* Supported modes */
 976   2                      VL53L0X_SETPARAMETERFIELD(Dev, DeviceMode, DeviceMode);
 977   2                      break;
 978   2              default:
 979   2                      /* Unsupported mode */
 980   2                      Status = VL53L0X_ERROR_MODE_NOT_SUPPORTED;
 981   2              }
 982   1      
 983   1              LOG_FUNCTION_END(Status);
 984   1              return Status;
 985   1      }
 986          
 987          VL53L0X_Error VL53L0X_GetDeviceMode(VL53L0X_DEV Dev,
 988                  VL53L0X_DeviceModes *pDeviceMode)
 989          {
 990   1              VL53L0X_Error Status = VL53L0X_ERROR_NONE;
 991   1      
 992   1              LOG_FUNCTION_START("");
 993   1      
 994   1              VL53L0X_GETPARAMETERFIELD(Dev, DeviceMode, *pDeviceMode);
 995   1      
 996   1              LOG_FUNCTION_END(Status);
 997   1              return Status;
 998   1      }
 999          
1000          VL53L0X_Error VL53L0X_SetRangeFractionEnable(VL53L0X_DEV Dev,   uint8_t Enable)
1001          {
1002   1              VL53L0X_Error Status = VL53L0X_ERROR_NONE;
1003   1      
1004   1              LOG_FUNCTION_START("%d", (int)Enable);
1005   1      
1006   1              Status = VL53L0X_WrByte(Dev, VL53L0X_REG_SYSTEM_RANGE_CONFIG, Enable);
1007   1      
1008   1              if (Status == VL53L0X_ERROR_NONE)
1009   1                      PALDevDataSet(Dev, RangeFractionalEnable, Enable);
1010   1      
1011   1              LOG_FUNCTION_END(Status);
1012   1              return Status;
1013   1      }
1014          
1015          VL53L0X_Error VL53L0X_GetFractionEnable(VL53L0X_DEV Dev, uint8_t *pEnabled)
1016          {
C51 COMPILER V9.60.0.0   VL53L0X_API                                                       09/19/2025 16:16:51 PAGE 18  

1017   1              VL53L0X_Error Status = VL53L0X_ERROR_NONE;
1018   1      
1019   1              LOG_FUNCTION_START("");
1020   1      
1021   1              Status = VL53L0X_RdByte(Dev, VL53L0X_REG_SYSTEM_RANGE_CONFIG, pEnabled);
1022   1      
1023   1              if (Status == VL53L0X_ERROR_NONE)
1024   1                      *pEnabled = (*pEnabled & 1);
1025   1      
1026   1              LOG_FUNCTION_END(Status);
1027   1              return Status;
1028   1      }
1029          
1030          VL53L0X_Error VL53L0X_SetHistogramMode(VL53L0X_DEV Dev,
1031                  VL53L0X_HistogramModes HistogramMode)
1032          {
1033   1              VL53L0X_Error Status = VL53L0X_ERROR_NOT_IMPLEMENTED;
1034   1      
1035   1              LOG_FUNCTION_START("");
1036   1      
1037   1              /* not implemented on VL53L0X */
1038   1      
1039   1              LOG_FUNCTION_END(Status);
1040   1              return Status;
1041   1      }
1042          
1043          VL53L0X_Error VL53L0X_GetHistogramMode(VL53L0X_DEV Dev,
1044                  VL53L0X_HistogramModes *pHistogramMode)
1045          {
1046   1              VL53L0X_Error Status = VL53L0X_ERROR_NOT_IMPLEMENTED;
1047   1      
1048   1              LOG_FUNCTION_START("");
1049   1      
1050   1              /* not implemented on VL53L0X */
1051   1      
1052   1              LOG_FUNCTION_END(Status);
1053   1              return Status;
1054   1      }
1055          
1056          VL53L0X_Error VL53L0X_SetMeasurementTimingBudgetMicroSeconds(VL53L0X_DEV Dev,
1057                  uint32_t MeasurementTimingBudgetMicroSeconds)
1058          {
1059   1              VL53L0X_Error Status = VL53L0X_ERROR_NONE;
1060   1      
1061   1              LOG_FUNCTION_START("");
1062   1      
1063   1              Status = VL53L0X_set_measurement_timing_budget_micro_seconds(Dev,
1064   1                      MeasurementTimingBudgetMicroSeconds);
1065   1      
1066   1              LOG_FUNCTION_END(Status);
1067   1      
1068   1              return Status;
1069   1      }
1070          
1071          VL53L0X_Error VL53L0X_GetMeasurementTimingBudgetMicroSeconds(VL53L0X_DEV Dev,
1072                  uint32_t *pMeasurementTimingBudgetMicroSeconds)
1073          {
1074   1              VL53L0X_Error Status = VL53L0X_ERROR_NONE;
1075   1      
1076   1              LOG_FUNCTION_START("");
1077   1      
1078   1              Status = VL53L0X_get_measurement_timing_budget_micro_seconds(Dev,
1079   1                      pMeasurementTimingBudgetMicroSeconds);
C51 COMPILER V9.60.0.0   VL53L0X_API                                                       09/19/2025 16:16:51 PAGE 19  

1080   1      
1081   1              LOG_FUNCTION_END(Status);
1082   1              return Status;
1083   1      }
1084          
1085          VL53L0X_Error VL53L0X_SetVcselPulsePeriod(VL53L0X_DEV Dev,
1086                  VL53L0X_VcselPeriod VcselPeriodType, uint8_t VCSELPulsePeriodPCLK)
1087          {
1088   1              VL53L0X_Error Status = VL53L0X_ERROR_NONE;
1089   1      
1090   1              LOG_FUNCTION_START("");
1091   1      
1092   1              Status = VL53L0X_set_vcsel_pulse_period(Dev, VcselPeriodType,
1093   1                      VCSELPulsePeriodPCLK);
1094   1      
1095   1              LOG_FUNCTION_END(Status);
1096   1              return Status;
1097   1      }
1098          
1099          VL53L0X_Error VL53L0X_GetVcselPulsePeriod(VL53L0X_DEV Dev,
1100                  VL53L0X_VcselPeriod VcselPeriodType, uint8_t *pVCSELPulsePeriodPCLK)
1101          {
1102   1              VL53L0X_Error Status = VL53L0X_ERROR_NONE;
1103   1      
1104   1              LOG_FUNCTION_START("");
1105   1      
1106   1              Status = VL53L0X_get_vcsel_pulse_period(Dev, VcselPeriodType,
1107   1                      pVCSELPulsePeriodPCLK);
1108   1      
1109   1              LOG_FUNCTION_END(Status);
1110   1              return Status;
1111   1      }
1112          
1113          VL53L0X_Error VL53L0X_SetSequenceStepEnable(VL53L0X_DEV Dev,
1114                  VL53L0X_SequenceStepId SequenceStepId, uint8_t SequenceStepEnabled)
1115          {
1116   1              VL53L0X_Error Status = VL53L0X_ERROR_NONE;
1117   1              uint8_t SequenceConfig = 0;
1118   1              uint8_t SequenceConfigNew = 0;
1119   1              uint32_t MeasurementTimingBudgetMicroSeconds;
1120   1      
1121   1              LOG_FUNCTION_START("");
1122   1      
1123   1              Status = VL53L0X_RdByte(Dev, VL53L0X_REG_SYSTEM_SEQUENCE_CONFIG,
1124   1                      &SequenceConfig);
1125   1      
1126   1              SequenceConfigNew = SequenceConfig;
1127   1      
1128   1              if (Status == VL53L0X_ERROR_NONE) {
1129   2                      if (SequenceStepEnabled == 1) {
1130   3      
1131   3                              /* Enable requested sequence step
1132   3                               */
1133   3                              switch (SequenceStepId) {
1134   4                              case VL53L0X_SEQUENCESTEP_TCC:
1135   4                                      SequenceConfigNew |= 0x10;
1136   4                                      break;
1137   4                              case VL53L0X_SEQUENCESTEP_DSS:
1138   4                                      SequenceConfigNew |= 0x28;
1139   4                                      break;
1140   4                              case VL53L0X_SEQUENCESTEP_MSRC:
1141   4                                      SequenceConfigNew |= 0x04;
1142   4                                      break;
C51 COMPILER V9.60.0.0   VL53L0X_API                                                       09/19/2025 16:16:51 PAGE 20  

1143   4                              case VL53L0X_SEQUENCESTEP_PRE_RANGE:
1144   4                                      SequenceConfigNew |= 0x40;
1145   4                                      break;
1146   4                              case VL53L0X_SEQUENCESTEP_FINAL_RANGE:
1147   4                                      SequenceConfigNew |= 0x80;
1148   4                                      break;
1149   4                              default:
1150   4                                      Status = VL53L0X_ERROR_INVALID_PARAMS;
1151   4                              }
1152   3                      } else {
1153   3                              /* Disable requested sequence step
1154   3                               */
1155   3                              switch (SequenceStepId) {
1156   4                              case VL53L0X_SEQUENCESTEP_TCC:
1157   4                                      SequenceConfigNew &= 0xef;
1158   4                                      break;
1159   4                              case VL53L0X_SEQUENCESTEP_DSS:
1160   4                                      SequenceConfigNew &= 0xd7;
1161   4                                      break;
1162   4                              case VL53L0X_SEQUENCESTEP_MSRC:
1163   4                                      SequenceConfigNew &= 0xfb;
1164   4                                      break;
1165   4                              case VL53L0X_SEQUENCESTEP_PRE_RANGE:
1166   4                                      SequenceConfigNew &= 0xbf;
1167   4                                      break;
1168   4                              case VL53L0X_SEQUENCESTEP_FINAL_RANGE:
1169   4                                      SequenceConfigNew &= 0x7f;
1170   4                                      break;
1171   4                              default:
1172   4                                      Status = VL53L0X_ERROR_INVALID_PARAMS;
1173   4                              }
1174   3                      }
1175   2              }
1176   1      
1177   1              if (SequenceConfigNew != SequenceConfig) {
1178   2                      /* Apply New Setting */
1179   2                      if (Status == VL53L0X_ERROR_NONE) {
1180   3                              Status = VL53L0X_WrByte(Dev,
1181   3                              VL53L0X_REG_SYSTEM_SEQUENCE_CONFIG, SequenceConfigNew);
1182   3                      }
1183   2                      if (Status == VL53L0X_ERROR_NONE)
1184   2                              PALDevDataSet(Dev, SequenceConfig, SequenceConfigNew);
1185   2      
1186   2      
1187   2                      /* Recalculate timing budget */
1188   2                      if (Status == VL53L0X_ERROR_NONE) {
1189   3                              VL53L0X_GETPARAMETERFIELD(Dev,
1191   3                                      MeasurementTimingBudgetMicroSeconds,
1191   3                                      MeasurementTimingBudgetMicroSeconds);
1192   3      
1193   3                              VL53L0X_SetMeasurementTimingBudgetMicroSeconds(Dev,
1194   3                                      MeasurementTimingBudgetMicroSeconds);
1195   3                      }
1196   2              }
1197   1      
1198   1              LOG_FUNCTION_END(Status);
1199   1      
1200   1              return Status;
1201   1      }
1202          
1203          VL53L0X_Error sequence_step_enabled(VL53L0X_DEV Dev,
1204                  VL53L0X_SequenceStepId SequenceStepId, uint8_t SequenceConfig,
1205                  uint8_t *pSequenceStepEnabled)
C51 COMPILER V9.60.0.0   VL53L0X_API                                                       09/19/2025 16:16:51 PAGE 21  

1206          {
1207   1              VL53L0X_Error Status = VL53L0X_ERROR_NONE;
1208   1              *pSequenceStepEnabled = 0;
1209   1              LOG_FUNCTION_START("");
1210   1      
1211   1              switch (SequenceStepId) {
1212   2              case VL53L0X_SEQUENCESTEP_TCC:
1213   2                      *pSequenceStepEnabled = (SequenceConfig & 0x10) >> 4;
1214   2                      break;
1215   2              case VL53L0X_SEQUENCESTEP_DSS:
1216   2                      *pSequenceStepEnabled = (SequenceConfig & 0x08) >> 3;
1217   2                      break;
1218   2              case VL53L0X_SEQUENCESTEP_MSRC:
1219   2                      *pSequenceStepEnabled = (SequenceConfig & 0x04) >> 2;
1220   2                      break;
1221   2              case VL53L0X_SEQUENCESTEP_PRE_RANGE:
1222   2                      *pSequenceStepEnabled = (SequenceConfig & 0x40) >> 6;
1223   2                      break;
1224   2              case VL53L0X_SEQUENCESTEP_FINAL_RANGE:
1225   2                      *pSequenceStepEnabled = (SequenceConfig & 0x80) >> 7;
1226   2                      break;
1227   2              default:
1228   2                      Status = VL53L0X_ERROR_INVALID_PARAMS;
1229   2              }
1230   1      
1231   1              LOG_FUNCTION_END(Status);
1232   1              return Status;
1233   1      }
1234          
1235          VL53L0X_Error VL53L0X_GetSequenceStepEnable(VL53L0X_DEV Dev,
1236                  VL53L0X_SequenceStepId SequenceStepId, uint8_t *pSequenceStepEnabled)
1237          {
1238   1              VL53L0X_Error Status = VL53L0X_ERROR_NONE;
1239   1              uint8_t SequenceConfig = 0;
1240   1      
1241   1              LOG_FUNCTION_START("");
1242   1      
1243   1              Status = VL53L0X_RdByte(Dev, VL53L0X_REG_SYSTEM_SEQUENCE_CONFIG,
1244   1                      &SequenceConfig);
1245   1      
1246   1              if (Status == VL53L0X_ERROR_NONE) {
1247   2                      Status = sequence_step_enabled(Dev, SequenceStepId,
1248   2                              SequenceConfig, pSequenceStepEnabled);
1249   2              }
1250   1      
1251   1              LOG_FUNCTION_END(Status);
1252   1              return Status;
1253   1      }
1254          
1255          VL53L0X_Error VL53L0X_GetSequenceStepEnables(VL53L0X_DEV Dev,
1256                  VL53L0X_SchedulerSequenceSteps_t *pSchedulerSequenceSteps)
1257          {
1258   1              VL53L0X_Error Status = VL53L0X_ERROR_NONE;
1259   1              uint8_t SequenceConfig = 0;
1260   1      
1261   1              LOG_FUNCTION_START("");
1262   1      
1263   1              Status = VL53L0X_RdByte(Dev, VL53L0X_REG_SYSTEM_SEQUENCE_CONFIG,
1264   1                      &SequenceConfig);
1265   1      
1266   1              if (Status == VL53L0X_ERROR_NONE) {
1267   2                      Status = sequence_step_enabled(Dev,
1268   2                      VL53L0X_SEQUENCESTEP_TCC, SequenceConfig,
C51 COMPILER V9.60.0.0   VL53L0X_API                                                       09/19/2025 16:16:51 PAGE 22  

1269   2                              &pSchedulerSequenceSteps->TccOn);
1270   2              }
1271   1              if (Status == VL53L0X_ERROR_NONE) {
1272   2                      Status = sequence_step_enabled(Dev,
1273   2                      VL53L0X_SEQUENCESTEP_DSS, SequenceConfig,
1274   2                              &pSchedulerSequenceSteps->DssOn);
1275   2              }
1276   1              if (Status == VL53L0X_ERROR_NONE) {
1277   2                      Status = sequence_step_enabled(Dev,
1278   2                      VL53L0X_SEQUENCESTEP_MSRC, SequenceConfig,
1279   2                              &pSchedulerSequenceSteps->MsrcOn);
1280   2              }
1281   1              if (Status == VL53L0X_ERROR_NONE) {
1282   2                      Status = sequence_step_enabled(Dev,
1283   2                      VL53L0X_SEQUENCESTEP_PRE_RANGE, SequenceConfig,
1284   2                              &pSchedulerSequenceSteps->PreRangeOn);
1285   2              }
1286   1              if (Status == VL53L0X_ERROR_NONE) {
1287   2                      Status = sequence_step_enabled(Dev,
1288   2                      VL53L0X_SEQUENCESTEP_FINAL_RANGE, SequenceConfig,
1289   2                              &pSchedulerSequenceSteps->FinalRangeOn);
1290   2              }
1291   1      
1292   1              LOG_FUNCTION_END(Status);
1293   1              return Status;
1294   1      }
1295          
1296          VL53L0X_Error VL53L0X_GetNumberOfSequenceSteps(VL53L0X_DEV Dev,
1297                  uint8_t *pNumberOfSequenceSteps)
1298          {
1299   1              VL53L0X_Error Status = VL53L0X_ERROR_NONE;
1300   1      
1301   1              LOG_FUNCTION_START("");
1302   1      
1303   1              *pNumberOfSequenceSteps = VL53L0X_SEQUENCESTEP_NUMBER_OF_CHECKS;
1304   1      
1305   1              LOG_FUNCTION_END(Status);
1306   1              return Status;
1307   1      }
1308          
1309          VL53L0X_Error VL53L0X_GetSequenceStepsInfo(
1310                  VL53L0X_SequenceStepId SequenceStepId,
1311                  char *pSequenceStepsString)
1312          {
1313   1              VL53L0X_Error Status = VL53L0X_ERROR_NONE;
1314   1      
1315   1              LOG_FUNCTION_START("");
1316   1      
1317   1              Status = VL53L0X_get_sequence_steps_info(
1318   1                              SequenceStepId,
1319   1                              pSequenceStepsString);
1320   1      
1321   1              LOG_FUNCTION_END(Status);
1322   1      
1323   1              return Status;
1324   1      }
1325          
1326          VL53L0X_Error VL53L0X_SetSequenceStepTimeout(VL53L0X_DEV Dev,
1327                  VL53L0X_SequenceStepId SequenceStepId, FixPoint1616_t TimeOutMilliSecs)
1328          {
1329   1              VL53L0X_Error Status = VL53L0X_ERROR_NONE;
1330   1              VL53L0X_Error Status1 = VL53L0X_ERROR_NONE;
1331   1              uint32_t TimeoutMicroSeconds = ((TimeOutMilliSecs * 1000) + 0x8000)
C51 COMPILER V9.60.0.0   VL53L0X_API                                                       09/19/2025 16:16:51 PAGE 23  

1332   1                      >> 16;
1333   1              uint32_t MeasurementTimingBudgetMicroSeconds;
1334   1              FixPoint1616_t OldTimeOutMicroSeconds;
1335   1      
1336   1              LOG_FUNCTION_START("");
1337   1      
1338   1              /* Read back the current value in case we need to revert back to this.
1339   1               */
1340   1              Status = get_sequence_step_timeout(Dev, SequenceStepId,
1341   1                      &OldTimeOutMicroSeconds);
1342   1      
1343   1              if (Status == VL53L0X_ERROR_NONE) {
1344   2                      Status = set_sequence_step_timeout(Dev, SequenceStepId,
1345   2                              TimeoutMicroSeconds);
1346   2              }
1347   1      
1348   1              if (Status == VL53L0X_ERROR_NONE) {
1349   2                      VL53L0X_GETPARAMETERFIELD(Dev,
1351   2                              MeasurementTimingBudgetMicroSeconds,
1351   2                              MeasurementTimingBudgetMicroSeconds);
1352   2      
1353   2                      /* At this point we don't know if the requested value is valid,
1354   2                       * therefore proceed to update the entire timing budget and
1355   2                       * if this fails, revert back to the previous value.
1356   2                       */
1357   2                      Status = VL53L0X_SetMeasurementTimingBudgetMicroSeconds(Dev,
1358   2                              MeasurementTimingBudgetMicroSeconds);
1359   2      
1360   2                      if (Status != VL53L0X_ERROR_NONE) {
1361   3                              Status1 = set_sequence_step_timeout(Dev, SequenceStepId,
1362   3                                      OldTimeOutMicroSeconds);
1363   3      
1364   3                              if (Status1 == VL53L0X_ERROR_NONE) {
1365   4                                      Status1 =
1366   4                                      VL53L0X_SetMeasurementTimingBudgetMicroSeconds(
1367   4                                              Dev,
1368   4                                              MeasurementTimingBudgetMicroSeconds);
1369   4                              }
1370   3      
1371   3                              Status = Status1;
1372   3                      }
1373   2              }
1374   1      
1375   1              LOG_FUNCTION_END(Status);
1376   1      
1377   1              return Status;
1378   1      }
1379          
1380          VL53L0X_Error VL53L0X_GetSequenceStepTimeout(VL53L0X_DEV Dev,
1381                  VL53L0X_SequenceStepId SequenceStepId,
1382                  FixPoint1616_t *pTimeOutMilliSecs)
1383          {
1384   1              VL53L0X_Error Status = VL53L0X_ERROR_NONE;
1385   1              uint32_t TimeoutMicroSeconds;
1386   1      
1387   1              LOG_FUNCTION_START("");
1388   1      
1389   1              Status = get_sequence_step_timeout(Dev, SequenceStepId,
1390   1                      &TimeoutMicroSeconds);
1391   1              if (Status == VL53L0X_ERROR_NONE) {
1392   2                      TimeoutMicroSeconds <<= 8;
1393   2                      *pTimeOutMilliSecs = (TimeoutMicroSeconds + 500)/1000;
1394   2                      *pTimeOutMilliSecs <<= 8;
C51 COMPILER V9.60.0.0   VL53L0X_API                                                       09/19/2025 16:16:51 PAGE 24  

1395   2              }
1396   1      
1397   1              LOG_FUNCTION_END(Status);
1398   1              return Status;
1399   1      }
1400          
1401          VL53L0X_Error VL53L0X_SetInterMeasurementPeriodMilliSeconds(VL53L0X_DEV Dev,
1402                  uint32_t InterMeasurementPeriodMilliSeconds)
1403          {
1404   1              VL53L0X_Error Status = VL53L0X_ERROR_NONE;
1405   1              uint16_t osc_calibrate_val;
1406   1              uint32_t IMPeriodMilliSeconds;
1407   1      
1408   1              LOG_FUNCTION_START("");
1409   1      
1410   1              Status = VL53L0X_RdWord(Dev, VL53L0X_REG_OSC_CALIBRATE_VAL,
1411   1                      &osc_calibrate_val);
1412   1      
1413   1              if (Status == VL53L0X_ERROR_NONE) {
1414   2                      if (osc_calibrate_val != 0) {
1415   3                              IMPeriodMilliSeconds =
1416   3                                      InterMeasurementPeriodMilliSeconds
1417   3                                              * osc_calibrate_val;
1418   3                      } else {
1419   3                              IMPeriodMilliSeconds =
1420   3                                      InterMeasurementPeriodMilliSeconds;
1421   3                      }
1422   2                      Status = VL53L0X_WrDWord(Dev,
1423   2                      VL53L0X_REG_SYSTEM_INTERMEASUREMENT_PERIOD,
1424   2                              IMPeriodMilliSeconds);
1425   2              }
1426   1      
1427   1              if (Status == VL53L0X_ERROR_NONE) {
1428   2                      VL53L0X_SETPARAMETERFIELD(Dev,
1430   2                              InterMeasurementPeriodMilliSeconds,
1430   2                              InterMeasurementPeriodMilliSeconds);
1431   2              }
1432   1      
1433   1              LOG_FUNCTION_END(Status);
1434   1              return Status;
1435   1      }
1436          
1437          VL53L0X_Error VL53L0X_GetInterMeasurementPeriodMilliSeconds(VL53L0X_DEV Dev,
1438                  uint32_t *pInterMeasurementPeriodMilliSeconds)
1439          {
1440   1              VL53L0X_Error Status = VL53L0X_ERROR_NONE;
1441   1              uint16_t osc_calibrate_val;
1442   1              uint32_t IMPeriodMilliSeconds;
1443   1      
1444   1              LOG_FUNCTION_START("");
1445   1      
1446   1              Status = VL53L0X_RdWord(Dev, VL53L0X_REG_OSC_CALIBRATE_VAL,
1447   1                      &osc_calibrate_val);
1448   1      
1449   1              if (Status == VL53L0X_ERROR_NONE) {
1450   2                      Status = VL53L0X_RdDWord(Dev,
1451   2                      VL53L0X_REG_SYSTEM_INTERMEASUREMENT_PERIOD,
1452   2                              &IMPeriodMilliSeconds);
1453   2              }
1454   1      
1455   1              if (Status == VL53L0X_ERROR_NONE) {
1456   2                      if (osc_calibrate_val != 0) {
1457   3                              *pInterMeasurementPeriodMilliSeconds =
C51 COMPILER V9.60.0.0   VL53L0X_API                                                       09/19/2025 16:16:51 PAGE 25  

1458   3                                      IMPeriodMilliSeconds / osc_calibrate_val;
1459   3                      }
1460   2                      VL53L0X_SETPARAMETERFIELD(Dev,
1462   2                              InterMeasurementPeriodMilliSeconds,
1462   2                              *pInterMeasurementPeriodMilliSeconds);
1463   2              }
1464   1      
1465   1              LOG_FUNCTION_END(Status);
1466   1              return Status;
1467   1      }
1468          
1469          VL53L0X_Error VL53L0X_SetXTalkCompensationEnable(VL53L0X_DEV Dev,
1470                  uint8_t XTalkCompensationEnable)
1471          {
1472   1              VL53L0X_Error Status = VL53L0X_ERROR_NONE;
1473   1              FixPoint1616_t TempFix1616;
1474   1              uint16_t LinearityCorrectiveGain;
1475   1      
1476   1              LOG_FUNCTION_START("");
1477   1      
1478   1              LinearityCorrectiveGain = PALDevDataGet(Dev, LinearityCorrectiveGain);
1479   1      
1480   1              if ((XTalkCompensationEnable == 0)
1481   1                      || (LinearityCorrectiveGain != 1000)) {
1482   2                      TempFix1616 = 0;
1483   2              } else {
1484   2                      VL53L0X_GETPARAMETERFIELD(Dev, XTalkCompensationRateMegaCps,
1485   2                              TempFix1616);
1486   2              }
1487   1      
1488   1              /* the following register has a format 3.13 */
1489   1              Status = VL53L0X_WrWord(Dev,
1490   1              VL53L0X_REG_CROSSTALK_COMPENSATION_PEAK_RATE_MCPS,
1491   1                      VL53L0X_FIXPOINT1616TOFIXPOINT313(TempFix1616));
1492   1      
1493   1              if (Status == VL53L0X_ERROR_NONE) {
1494   2                      if (XTalkCompensationEnable == 0) {
1495   3                              VL53L0X_SETPARAMETERFIELD(Dev, XTalkCompensationEnable,
1496   3                                      0);
1497   3                      } else {
1498   3                              VL53L0X_SETPARAMETERFIELD(Dev, XTalkCompensationEnable,
1499   3                                      1);
1500   3                      }
1501   2              }
1502   1      
1503   1              LOG_FUNCTION_END(Status);
1504   1              return Status;
1505   1      }
1506          
1507          VL53L0X_Error VL53L0X_GetXTalkCompensationEnable(VL53L0X_DEV Dev,
1508                  uint8_t *pXTalkCompensationEnable)
1509          {
1510   1              VL53L0X_Error Status = VL53L0X_ERROR_NONE;
1511   1              uint8_t Temp8;
1512   1      
1513   1              LOG_FUNCTION_START("");
1514   1      
1515   1              VL53L0X_GETPARAMETERFIELD(Dev, XTalkCompensationEnable, Temp8);
1516   1              *pXTalkCompensationEnable = Temp8;
1517   1      
1518   1              LOG_FUNCTION_END(Status);
1519   1              return Status;
1520   1      }
C51 COMPILER V9.60.0.0   VL53L0X_API                                                       09/19/2025 16:16:51 PAGE 26  

1521          
1522          VL53L0X_Error VL53L0X_SetXTalkCompensationRateMegaCps(VL53L0X_DEV Dev,
1523                  FixPoint1616_t XTalkCompensationRateMegaCps)
1524          {
1525   1              VL53L0X_Error Status = VL53L0X_ERROR_NONE;
1526   1              uint8_t Temp8;
1527   1              uint16_t LinearityCorrectiveGain;
1528   1              uint16_t data;
1529   1      
1530   1              LOG_FUNCTION_START("");
1531   1      
1532   1              VL53L0X_GETPARAMETERFIELD(Dev, XTalkCompensationEnable, Temp8);
1533   1              LinearityCorrectiveGain = PALDevDataGet(Dev, LinearityCorrectiveGain);
1534   1      
1535   1              if (Temp8 == 0) { /* disabled write only internal value */
1536   2                      VL53L0X_SETPARAMETERFIELD(Dev, XTalkCompensationRateMegaCps,
1537   2                              XTalkCompensationRateMegaCps);
1538   2              } else {
1539   2                      /* the following register has a format 3.13 */
1540   2                      if (LinearityCorrectiveGain == 1000) {
1541   3                              data = VL53L0X_FIXPOINT1616TOFIXPOINT313(
1542   3                                      XTalkCompensationRateMegaCps);
1543   3                      } else {
1544   3                              data = 0;
1545   3                      }
1546   2      
1547   2                      Status = VL53L0X_WrWord(Dev,
1548   2                      VL53L0X_REG_CROSSTALK_COMPENSATION_PEAK_RATE_MCPS, data);
1549   2      
1550   2                      if (Status == VL53L0X_ERROR_NONE) {
1551   3                              VL53L0X_SETPARAMETERFIELD(Dev,
1553   3                                      XTalkCompensationRateMegaCps,
1553   3                                      XTalkCompensationRateMegaCps);
1554   3                      }
1555   2              }
1556   1      
1557   1              LOG_FUNCTION_END(Status);
1558   1              return Status;
1559   1      }
1560          
1561          VL53L0X_Error VL53L0X_GetXTalkCompensationRateMegaCps(VL53L0X_DEV Dev,
1562                  FixPoint1616_t *pXTalkCompensationRateMegaCps)
1563          {
1564   1              VL53L0X_Error Status = VL53L0X_ERROR_NONE;
1565   1              uint16_t Value;
1566   1              FixPoint1616_t TempFix1616;
1567   1      
1568   1              LOG_FUNCTION_START("");
1569   1      
1570   1              Status = VL53L0X_RdWord(Dev,
1571   1              VL53L0X_REG_CROSSTALK_COMPENSATION_PEAK_RATE_MCPS, (uint16_t *)&Value);
1572   1              if (Status == VL53L0X_ERROR_NONE) {
1573   2                      if (Value == 0) {
1574   3                              /* the Xtalk is disabled return value from memory */
1575   3                              VL53L0X_GETPARAMETERFIELD(Dev,
1576   3                                      XTalkCompensationRateMegaCps, TempFix1616);
1577   3                              *pXTalkCompensationRateMegaCps = TempFix1616;
1578   3                              VL53L0X_SETPARAMETERFIELD(Dev, XTalkCompensationEnable,
1579   3                                      0);
1580   3                      } else {
1581   3                              TempFix1616 = VL53L0X_FIXPOINT313TOFIXPOINT1616(Value);
1582   3                              *pXTalkCompensationRateMegaCps = TempFix1616;
1583   3                              VL53L0X_SETPARAMETERFIELD(Dev,
C51 COMPILER V9.60.0.0   VL53L0X_API                                                       09/19/2025 16:16:51 PAGE 27  

1584   3                                      XTalkCompensationRateMegaCps, TempFix1616);
1585   3                              VL53L0X_SETPARAMETERFIELD(Dev, XTalkCompensationEnable,
1586   3                                      1);
1587   3                      }
1588   2              }
1589   1      
1590   1              LOG_FUNCTION_END(Status);
1591   1              return Status;
1592   1      }
1593          
1594          VL53L0X_Error VL53L0X_SetRefCalibration(VL53L0X_DEV Dev, uint8_t VhvSettings,
1595                  uint8_t PhaseCal)
1596          {
1597   1              VL53L0X_Error Status = VL53L0X_ERROR_NONE;
1598   1      
1599   1              LOG_FUNCTION_START("");
1600   1      
1601   1              Status = VL53L0X_set_ref_calibration(Dev, VhvSettings, PhaseCal);
1602   1      
1603   1              LOG_FUNCTION_END(Status);
1604   1              return Status;
1605   1      }
1606          
1607          VL53L0X_Error VL53L0X_GetRefCalibration(VL53L0X_DEV Dev, uint8_t *pVhvSettings,
1608                  uint8_t *pPhaseCal)
1609          {
1610   1              VL53L0X_Error Status = VL53L0X_ERROR_NONE;
1611   1      
1612   1              LOG_FUNCTION_START("");
1613   1      
1614   1              Status = VL53L0X_get_ref_calibration(Dev, pVhvSettings, pPhaseCal);
1615   1      
1616   1              LOG_FUNCTION_END(Status);
1617   1              return Status;
1618   1      }
1619          
1620          /*
1621           * CHECK LIMIT FUNCTIONS
1622           */
1623          
1624          VL53L0X_Error VL53L0X_GetNumberOfLimitCheck(uint16_t *pNumberOfLimitCheck)
1625          {
1626   1              VL53L0X_Error Status = VL53L0X_ERROR_NONE;
1627   1      
1628   1              LOG_FUNCTION_START("");
1629   1      
1630   1              *pNumberOfLimitCheck = VL53L0X_CHECKENABLE_NUMBER_OF_CHECKS;
1631   1      
1632   1              LOG_FUNCTION_END(Status);
1633   1              return Status;
1634   1      }
1635          
1636          VL53L0X_Error VL53L0X_GetLimitCheckInfo(VL53L0X_DEV Dev, uint16_t LimitCheckId,
1637                  char *pLimitCheckString)
1638          {
1639   1              VL53L0X_Error Status = VL53L0X_ERROR_NONE;
1640   1      
1641   1              LOG_FUNCTION_START("");
1642   1      
1643   1              Status = VL53L0X_get_limit_check_info(Dev, LimitCheckId,
1644   1                      pLimitCheckString);
1645   1      
1646   1              LOG_FUNCTION_END(Status);
C51 COMPILER V9.60.0.0   VL53L0X_API                                                       09/19/2025 16:16:51 PAGE 28  

1647   1              return Status;
1648   1      }
1649          
1650          VL53L0X_Error VL53L0X_GetLimitCheckStatus(VL53L0X_DEV Dev,
1651                  uint16_t LimitCheckId,
1652                  uint8_t *pLimitCheckStatus)
1653          {
1654   1              VL53L0X_Error Status = VL53L0X_ERROR_NONE;
1655   1              uint8_t Temp8;
1656   1      
1657   1              LOG_FUNCTION_START("");
1658   1      
1659   1              if (LimitCheckId >= VL53L0X_CHECKENABLE_NUMBER_OF_CHECKS) {
1660   2                      Status = VL53L0X_ERROR_INVALID_PARAMS;
1661   2              } else {
1662   2      
1663   2                      VL53L0X_GETARRAYPARAMETERFIELD(Dev, LimitChecksStatus,
1664   2                              LimitCheckId, Temp8);
1665   2      
1666   2                      *pLimitCheckStatus = Temp8;
1667   2      
1668   2              }
1669   1      
1670   1              LOG_FUNCTION_END(Status);
1671   1              return Status;
1672   1      }
1673          
1674          VL53L0X_Error VL53L0X_SetLimitCheckEnable(VL53L0X_DEV Dev,
1675                  uint16_t LimitCheckId,
1676                  uint8_t LimitCheckEnable)
1677          {
1678   1              VL53L0X_Error Status = VL53L0X_ERROR_NONE;
1679   1              FixPoint1616_t TempFix1616 = 0;
1680   1              uint8_t LimitCheckEnableInt = 0;
1681   1              uint8_t LimitCheckDisable = 0;
1682   1              uint8_t Temp8;
1683   1      
1684   1              LOG_FUNCTION_START("");
1685   1      
1686   1              if (LimitCheckId >= VL53L0X_CHECKENABLE_NUMBER_OF_CHECKS) {
1687   2                      Status = VL53L0X_ERROR_INVALID_PARAMS;
1688   2              } else {
1689   2                      if (LimitCheckEnable == 0) {
1690   3                              TempFix1616 = 0;
1691   3                              LimitCheckEnableInt = 0;
1692   3                              LimitCheckDisable = 1;
1693   3      
1694   3                      } else {
1695   3                              VL53L0X_GETARRAYPARAMETERFIELD(Dev, LimitChecksValue,
1696   3                                      LimitCheckId, TempFix1616);
1697   3                              LimitCheckDisable = 0;
1698   3                              /* this to be sure to have either 0 or 1 */
1699   3                              LimitCheckEnableInt = 1;
1700   3                      }
1701   2      
1702   2                      switch (LimitCheckId) {
1703   3      
1704   3                      case VL53L0X_CHECKENABLE_SIGMA_FINAL_RANGE:
1705   3                              /* internal computation: */
1706   3                              VL53L0X_SETARRAYPARAMETERFIELD(Dev, LimitChecksEnable,
1708   3                                      VL53L0X_CHECKENABLE_SIGMA_FINAL_RANGE,
1708   3                                      LimitCheckEnableInt);
1709   3      
C51 COMPILER V9.60.0.0   VL53L0X_API                                                       09/19/2025 16:16:51 PAGE 29  

1710   3                              break;
1711   3      
1712   3                      case VL53L0X_CHECKENABLE_SIGNAL_RATE_FINAL_RANGE:
1713   3      
1714   3                              Status = VL53L0X_WrWord(Dev,
1715   3                              VL53L0X_REG_FINAL_RANGE_CONFIG_MIN_COUNT_RATE_RTN_LIMIT,
1716   3                                      VL53L0X_FIXPOINT1616TOFIXPOINT97(TempFix1616));
1717   3      
1718   3                              break;
1719   3      
1720   3                      case VL53L0X_CHECKENABLE_SIGNAL_REF_CLIP:
1721   3      
1722   3                              /* internal computation: */
1723   3                              VL53L0X_SETARRAYPARAMETERFIELD(Dev, LimitChecksEnable,
1725   3                                      VL53L0X_CHECKENABLE_SIGNAL_REF_CLIP,
1725   3                                      LimitCheckEnableInt);
1726   3      
1727   3                              break;
1728   3      
1729   3                      case VL53L0X_CHECKENABLE_RANGE_IGNORE_THRESHOLD:
1730   3      
1731   3                              /* internal computation: */
1732   3                              VL53L0X_SETARRAYPARAMETERFIELD(Dev, LimitChecksEnable,
1734   3                                      VL53L0X_CHECKENABLE_RANGE_IGNORE_THRESHOLD,
1734   3                                      LimitCheckEnableInt);
1735   3      
1736   3                              break;
1737   3      
1738   3                      case VL53L0X_CHECKENABLE_SIGNAL_RATE_MSRC:
1739   3      
1740   3                              Temp8 = (uint8_t)(LimitCheckDisable << 1);
1741   3                              Status = VL53L0X_UpdateByte(Dev,
1742   3                                      VL53L0X_REG_MSRC_CONFIG_CONTROL,
1743   3                                      0xFE, Temp8);
1744   3      
1745   3                              break;
1746   3      
1747   3                      case VL53L0X_CHECKENABLE_SIGNAL_RATE_PRE_RANGE:
1748   3      
1749   3                              Temp8 = (uint8_t)(LimitCheckDisable << 4);
1750   3                              Status = VL53L0X_UpdateByte(Dev,
1751   3                                      VL53L0X_REG_MSRC_CONFIG_CONTROL,
1752   3                                      0xEF, Temp8);
1753   3      
1754   3                              break;
1755   3      
1756   3      
1757   3                      default:
1758   3                              Status = VL53L0X_ERROR_INVALID_PARAMS;
1759   3      
1760   3                      }
1761   2      
1762   2              }
1763   1      
1764   1              if (Status == VL53L0X_ERROR_NONE) {
1765   2                      if (LimitCheckEnable == 0) {
1766   3                              VL53L0X_SETARRAYPARAMETERFIELD(Dev, LimitChecksEnable,
1767   3                                      LimitCheckId, 0);
1768   3                      } else {
1769   3                              VL53L0X_SETARRAYPARAMETERFIELD(Dev, LimitChecksEnable,
1770   3                                      LimitCheckId, 1);
1771   3                      }
1772   2              }
C51 COMPILER V9.60.0.0   VL53L0X_API                                                       09/19/2025 16:16:51 PAGE 30  

1773   1      
1774   1              LOG_FUNCTION_END(Status);
1775   1              return Status;
1776   1      }
1777          
1778          VL53L0X_Error VL53L0X_GetLimitCheckEnable(VL53L0X_DEV Dev,
1779                  uint16_t LimitCheckId,
1780                  uint8_t *pLimitCheckEnable)
1781          {
1782   1              VL53L0X_Error Status = VL53L0X_ERROR_NONE;
1783   1              uint8_t Temp8;
1784   1      
1785   1              LOG_FUNCTION_START("");
1786   1      
1787   1              if (LimitCheckId >= VL53L0X_CHECKENABLE_NUMBER_OF_CHECKS) {
1788   2                      Status = VL53L0X_ERROR_INVALID_PARAMS;
1789   2                      *pLimitCheckEnable = 0;
1790   2              } else {
1791   2                      VL53L0X_GETARRAYPARAMETERFIELD(Dev, LimitChecksEnable,
1792   2                              LimitCheckId, Temp8);
1793   2                      *pLimitCheckEnable = Temp8;
1794   2              }
1795   1      
1796   1              LOG_FUNCTION_END(Status);
1797   1              return Status;
1798   1      }
1799          
1800          VL53L0X_Error VL53L0X_SetLimitCheckValue(VL53L0X_DEV Dev, uint16_t LimitCheckId,
1801                  FixPoint1616_t LimitCheckValue)
1802          {
1803   1              VL53L0X_Error Status = VL53L0X_ERROR_NONE;
1804   1              uint8_t Temp8;
1805   1      
1806   1              LOG_FUNCTION_START("");
1807   1      
1808   1              VL53L0X_GETARRAYPARAMETERFIELD(Dev, LimitChecksEnable, LimitCheckId,
1809   1                      Temp8);
1810   1      
1811   1              if (Temp8 == 0) { /* disabled write only internal value */
1812   2                      VL53L0X_SETARRAYPARAMETERFIELD(Dev, LimitChecksValue,
1813   2                              LimitCheckId, LimitCheckValue);
1814   2              } else {
1815   2      
1816   2                      switch (LimitCheckId) {
1817   3      
1818   3                      case VL53L0X_CHECKENABLE_SIGMA_FINAL_RANGE:
1819   3                              /* internal computation: */
1820   3                              VL53L0X_SETARRAYPARAMETERFIELD(Dev, LimitChecksValue,
1822   3                                      VL53L0X_CHECKENABLE_SIGMA_FINAL_RANGE,
1822   3                                      LimitCheckValue);
1823   3                              break;
1824   3      
1825   3                      case VL53L0X_CHECKENABLE_SIGNAL_RATE_FINAL_RANGE:
1826   3      
1827   3                              Status = VL53L0X_WrWord(Dev,
1828   3                              VL53L0X_REG_FINAL_RANGE_CONFIG_MIN_COUNT_RATE_RTN_LIMIT,
1829   3                                      VL53L0X_FIXPOINT1616TOFIXPOINT97(
1830   3                                              LimitCheckValue));
1831   3      
1832   3                              break;
1833   3      
1834   3                      case VL53L0X_CHECKENABLE_SIGNAL_REF_CLIP:
1835   3      
C51 COMPILER V9.60.0.0   VL53L0X_API                                                       09/19/2025 16:16:51 PAGE 31  

1836   3                              /* internal computation: */
1837   3                              VL53L0X_SETARRAYPARAMETERFIELD(Dev, LimitChecksValue,
1839   3                                      VL53L0X_CHECKENABLE_SIGNAL_REF_CLIP,
1839   3                                      LimitCheckValue);
1840   3      
1841   3                              break;
1842   3      
1843   3                      case VL53L0X_CHECKENABLE_RANGE_IGNORE_THRESHOLD:
1844   3      
1845   3                              /* internal computation: */
1846   3                              VL53L0X_SETARRAYPARAMETERFIELD(Dev, LimitChecksValue,
1848   3                                      VL53L0X_CHECKENABLE_RANGE_IGNORE_THRESHOLD,
1848   3                                      LimitCheckValue);
1849   3      
1850   3                              break;
1851   3      
1852   3                      case VL53L0X_CHECKENABLE_SIGNAL_RATE_MSRC:
1853   3                      case VL53L0X_CHECKENABLE_SIGNAL_RATE_PRE_RANGE:
1854   3      
1855   3                              Status = VL53L0X_WrWord(Dev,
1856   3                                      VL53L0X_REG_PRE_RANGE_MIN_COUNT_RATE_RTN_LIMIT,
1857   3                                      VL53L0X_FIXPOINT1616TOFIXPOINT97(
1858   3                                              LimitCheckValue));
1859   3      
1860   3                              break;
1861   3      
1862   3                      default:
1863   3                              Status = VL53L0X_ERROR_INVALID_PARAMS;
1864   3      
1865   3                      }
1866   2      
1867   2                      if (Status == VL53L0X_ERROR_NONE) {
1868   3                              VL53L0X_SETARRAYPARAMETERFIELD(Dev, LimitChecksValue,
1869   3                                      LimitCheckId, LimitCheckValue);
1870   3                      }
1871   2              }
1872   1      
1873   1              LOG_FUNCTION_END(Status);
1874   1              return Status;
1875   1      }
1876          
1877          VL53L0X_Error VL53L0X_GetLimitCheckValue(VL53L0X_DEV Dev, uint16_t LimitCheckId,
1878                  FixPoint1616_t *pLimitCheckValue)
1879          {
1880   1              VL53L0X_Error Status = VL53L0X_ERROR_NONE;
1881   1              uint8_t EnableZeroValue = 0;
1882   1              uint16_t Temp16;
1883   1              FixPoint1616_t TempFix1616;
1884   1      
1885   1              LOG_FUNCTION_START("");
1886   1      
1887   1              switch (LimitCheckId) {
1888   2      
1889   2              case VL53L0X_CHECKENABLE_SIGMA_FINAL_RANGE:
1890   2                      /* internal computation: */
1891   2                      VL53L0X_GETARRAYPARAMETERFIELD(Dev, LimitChecksValue,
1892   2                              VL53L0X_CHECKENABLE_SIGMA_FINAL_RANGE, TempFix1616);
1893   2                      EnableZeroValue = 0;
1894   2                      break;
1895   2      
1896   2              case VL53L0X_CHECKENABLE_SIGNAL_RATE_FINAL_RANGE:
1897   2                      Status = VL53L0X_RdWord(Dev,
1898   2                      VL53L0X_REG_FINAL_RANGE_CONFIG_MIN_COUNT_RATE_RTN_LIMIT,
C51 COMPILER V9.60.0.0   VL53L0X_API                                                       09/19/2025 16:16:51 PAGE 32  

1899   2                              &Temp16);
1900   2                      if (Status == VL53L0X_ERROR_NONE)
1901   2                              TempFix1616 = VL53L0X_FIXPOINT97TOFIXPOINT1616(Temp16);
1902   2      
1903   2      
1904   2                      EnableZeroValue = 1;
1905   2                      break;
1906   2      
1907   2              case VL53L0X_CHECKENABLE_SIGNAL_REF_CLIP:
1908   2                      /* internal computation: */
1909   2                      VL53L0X_GETARRAYPARAMETERFIELD(Dev, LimitChecksValue,
1910   2                              VL53L0X_CHECKENABLE_SIGNAL_REF_CLIP, TempFix1616);
1911   2                      EnableZeroValue = 0;
1912   2                      break;
1913   2      
1914   2              case VL53L0X_CHECKENABLE_RANGE_IGNORE_THRESHOLD:
1915   2                      /* internal computation: */
1916   2                      VL53L0X_GETARRAYPARAMETERFIELD(Dev, LimitChecksValue,
1918   2                              VL53L0X_CHECKENABLE_RANGE_IGNORE_THRESHOLD,
1918   2                              TempFix1616);
1919   2                      EnableZeroValue = 0;
1920   2                      break;
1921   2      
1922   2              case VL53L0X_CHECKENABLE_SIGNAL_RATE_MSRC:
1923   2              case VL53L0X_CHECKENABLE_SIGNAL_RATE_PRE_RANGE:
1924   2                      Status = VL53L0X_RdWord(Dev,
1925   2                              VL53L0X_REG_PRE_RANGE_MIN_COUNT_RATE_RTN_LIMIT,
1926   2                              &Temp16);
1927   2                      if (Status == VL53L0X_ERROR_NONE)
1928   2                              TempFix1616 = VL53L0X_FIXPOINT97TOFIXPOINT1616(Temp16);
1929   2      
1930   2      
1931   2                      EnableZeroValue = 0;
1932   2                      break;
1933   2      
1934   2              default:
1935   2                      Status = VL53L0X_ERROR_INVALID_PARAMS;
1936   2      
1937   2              }
1938   1      
1939   1              if (Status == VL53L0X_ERROR_NONE) {
1940   2      
1941   2                      if (EnableZeroValue == 1) {
1942   3      
1943   3                              if (TempFix1616 == 0) {
1944   4                                      /* disabled: return value from memory */
1945   4                                      VL53L0X_GETARRAYPARAMETERFIELD(Dev,
1947   4                                              LimitChecksValue, LimitCheckId,
1947   4                                              TempFix1616);
1948   4                                      *pLimitCheckValue = TempFix1616;
1949   4                                      VL53L0X_SETARRAYPARAMETERFIELD(Dev,
1950   4                                              LimitChecksEnable, LimitCheckId, 0);
1951   4                              } else {
1952   4                                      *pLimitCheckValue = TempFix1616;
1953   4                                      VL53L0X_SETARRAYPARAMETERFIELD(Dev,
1955   4                                              LimitChecksValue, LimitCheckId,
1955   4                                              TempFix1616);
1956   4                                      VL53L0X_SETARRAYPARAMETERFIELD(Dev,
1957   4                                              LimitChecksEnable, LimitCheckId, 1);
1958   4                              }
1959   3                      } else {
1960   3                              *pLimitCheckValue = TempFix1616;
1961   3                      }
C51 COMPILER V9.60.0.0   VL53L0X_API                                                       09/19/2025 16:16:51 PAGE 33  

1962   2              }
1963   1      
1964   1              LOG_FUNCTION_END(Status);
1965   1              return Status;
1966   1      
1967   1      }
1968          
1969          VL53L0X_Error VL53L0X_GetLimitCheckCurrent(VL53L0X_DEV Dev,
1970                  uint16_t LimitCheckId,
1971                  FixPoint1616_t *pLimitCheckCurrent)
1972          {
1973   1              VL53L0X_Error Status = VL53L0X_ERROR_NONE;
1974   1              VL53L0X_RangingMeasurementData_t LastRangeDataBuffer;
1975   1      
1976   1              LOG_FUNCTION_START("");
1977   1      
1978   1              if (LimitCheckId >= VL53L0X_CHECKENABLE_NUMBER_OF_CHECKS) {
1979   2                      Status = VL53L0X_ERROR_INVALID_PARAMS;
1980   2              } else {
1981   2                      switch (LimitCheckId) {
1982   3                      case VL53L0X_CHECKENABLE_SIGMA_FINAL_RANGE:
1983   3                              /* Need to run a ranging to have the latest values */
1984   3                              *pLimitCheckCurrent = PALDevDataGet(Dev, SigmaEstimate);
1985   3      
1986   3                              break;
1987   3      
1988   3                      case VL53L0X_CHECKENABLE_SIGNAL_RATE_FINAL_RANGE:
1989   3                              /* Need to run a ranging to have the latest values */
1990   3                              LastRangeDataBuffer = PALDevDataGet(Dev,
1991   3                                      LastRangeMeasure);
1992   3                              *pLimitCheckCurrent =
1993   3                                      LastRangeDataBuffer.SignalRateRtnMegaCps;
1994   3      
1995   3                              break;
1996   3      
1997   3                      case VL53L0X_CHECKENABLE_SIGNAL_REF_CLIP:
1998   3                              /* Need to run a ranging to have the latest values */
1999   3                              *pLimitCheckCurrent = PALDevDataGet(Dev,
2000   3                                      LastSignalRefMcps);
2001   3      
2002   3                              break;
2003   3      
2004   3                      case VL53L0X_CHECKENABLE_RANGE_IGNORE_THRESHOLD:
2005   3                              /* Need to run a ranging to have the latest values */
2006   3                              LastRangeDataBuffer = PALDevDataGet(Dev,
2007   3                                      LastRangeMeasure);
2008   3                              *pLimitCheckCurrent =
2009   3                                      LastRangeDataBuffer.SignalRateRtnMegaCps;
2010   3      
2011   3                              break;
2012   3      
2013   3                      case VL53L0X_CHECKENABLE_SIGNAL_RATE_MSRC:
2014   3                              /* Need to run a ranging to have the latest values */
2015   3                              LastRangeDataBuffer = PALDevDataGet(Dev,
2016   3                                      LastRangeMeasure);
2017   3                              *pLimitCheckCurrent =
2018   3                                      LastRangeDataBuffer.SignalRateRtnMegaCps;
2019   3      
2020   3                              break;
2021   3      
2022   3                      case VL53L0X_CHECKENABLE_SIGNAL_RATE_PRE_RANGE:
2023   3                              /* Need to run a ranging to have the latest values */
2024   3                              LastRangeDataBuffer = PALDevDataGet(Dev,
C51 COMPILER V9.60.0.0   VL53L0X_API                                                       09/19/2025 16:16:51 PAGE 34  

2025   3                                      LastRangeMeasure);
2026   3                              *pLimitCheckCurrent =
2027   3                                      LastRangeDataBuffer.SignalRateRtnMegaCps;
2028   3      
2029   3                              break;
2030   3      
2031   3                      default:
2032   3                              Status = VL53L0X_ERROR_INVALID_PARAMS;
2033   3                      }
2034   2              }
2035   1      
2036   1              LOG_FUNCTION_END(Status);
2037   1              return Status;
2038   1      
2039   1      }
2040          
2041          /*
2042           * WRAPAROUND Check
2043           */
2044          VL53L0X_Error VL53L0X_SetWrapAroundCheckEnable(VL53L0X_DEV Dev,
2045                  uint8_t WrapAroundCheckEnable)
2046          {
2047   1              VL53L0X_Error Status = VL53L0X_ERROR_NONE;
2048   1              uint8_t Byte;
2049   1              uint8_t WrapAroundCheckEnableInt;
2050   1      
2051   1              LOG_FUNCTION_START("");
2052   1      
2053   1              Status = VL53L0X_RdByte(Dev, VL53L0X_REG_SYSTEM_SEQUENCE_CONFIG, &Byte);
2054   1              if (WrapAroundCheckEnable == 0) {
2055   2                      /* Disable wraparound */
2056   2                      Byte = Byte & 0x7F;
2057   2                      WrapAroundCheckEnableInt = 0;
2058   2              } else {
2059   2                      /*Enable wraparound */
2060   2                      Byte = Byte | 0x80;
2061   2                      WrapAroundCheckEnableInt = 1;
2062   2              }
2063   1      
2064   1              Status = VL53L0X_WrByte(Dev, VL53L0X_REG_SYSTEM_SEQUENCE_CONFIG, Byte);
2065   1      
2066   1              if (Status == VL53L0X_ERROR_NONE) {
2067   2                      PALDevDataSet(Dev, SequenceConfig, Byte);
2068   2                      VL53L0X_SETPARAMETERFIELD(Dev, WrapAroundCheckEnable,
2069   2                              WrapAroundCheckEnableInt);
2070   2              }
2071   1      
2072   1              LOG_FUNCTION_END(Status);
2073   1              return Status;
2074   1      }
2075          
2076          VL53L0X_Error VL53L0X_GetWrapAroundCheckEnable(VL53L0X_DEV Dev,
2077                  uint8_t *pWrapAroundCheckEnable)
2078          {
2079   1              VL53L0X_Error Status = VL53L0X_ERROR_NONE;
2080   1              uint8_t data;
2081   1      
2082   1              LOG_FUNCTION_START("");
2083   1      
2084   1              Status = VL53L0X_RdByte(Dev, VL53L0X_REG_SYSTEM_SEQUENCE_CONFIG, &data);
2085   1              if (Status == VL53L0X_ERROR_NONE) {
2086   2                      PALDevDataSet(Dev, SequenceConfig, data);
2087   2                      if (data & (0x01 << 7))
C51 COMPILER V9.60.0.0   VL53L0X_API                                                       09/19/2025 16:16:51 PAGE 35  

2088   2                              *pWrapAroundCheckEnable = 0x01;
2089   2                      else
2090   2                              *pWrapAroundCheckEnable = 0x00;
2091   2              }
2092   1              if (Status == VL53L0X_ERROR_NONE) {
2093   2                      VL53L0X_SETPARAMETERFIELD(Dev, WrapAroundCheckEnable,
2094   2                              *pWrapAroundCheckEnable);
2095   2              }
2096   1      
2097   1              LOG_FUNCTION_END(Status);
2098   1              return Status;
2099   1      }
2100          
2101          /* End Group PAL Parameters Functions */
2102          
2103          /* Group PAL Measurement Functions */
2104          VL53L0X_Error VL53L0X_PerformSingleMeasurement(VL53L0X_DEV Dev)
2105          {
2106   1              VL53L0X_Error Status = VL53L0X_ERROR_NONE;
2107   1              VL53L0X_DeviceModes DeviceMode;
2108   1      
2109   1              LOG_FUNCTION_START("");
2110   1      
2111   1              /* Get Current DeviceMode */
2112   1              Status = VL53L0X_GetDeviceMode(Dev, &DeviceMode);
2113   1      
2114   1              /* Start immediately to run a single ranging measurement in case of
2115   1               * single ranging or single histogram
2116   1               */
2117   1              if (Status == VL53L0X_ERROR_NONE
2118   1                      && DeviceMode == VL53L0X_DEVICEMODE_SINGLE_RANGING)
2119   1                      Status = VL53L0X_StartMeasurement(Dev);
2120   1      
2121   1      
2122   1              if (Status == VL53L0X_ERROR_NONE)
2123   1                      Status = VL53L0X_measurement_poll_for_completion(Dev);
2124   1      
2125   1      
2126   1              /* Change PAL State in case of single ranging or single histogram */
2127   1              if (Status == VL53L0X_ERROR_NONE
2128   1                      && DeviceMode == VL53L0X_DEVICEMODE_SINGLE_RANGING)
2129   1                      PALDevDataSet(Dev, PalState, VL53L0X_STATE_IDLE);
2130   1      
2131   1      
2132   1              LOG_FUNCTION_END(Status);
2133   1              return Status;
2134   1      }
2135          
2136          VL53L0X_Error VL53L0X_PerformSingleHistogramMeasurement(VL53L0X_DEV Dev,
2137                  VL53L0X_HistogramMeasurementData_t *pHistogramMeasurementData)
2138          {
2139   1              VL53L0X_Error Status = VL53L0X_ERROR_NOT_IMPLEMENTED;
2140   1      
2141   1              LOG_FUNCTION_START("");
2142   1      
2143   1              /* not implemented on VL53L0X */
2144   1      
2145   1              LOG_FUNCTION_END(Status);
2146   1              return Status;
2147   1      }
2148          
2149          VL53L0X_Error VL53L0X_PerformRefCalibration(VL53L0X_DEV Dev,
2150                  uint8_t *pVhvSettings,
C51 COMPILER V9.60.0.0   VL53L0X_API                                                       09/19/2025 16:16:51 PAGE 36  

2151                  uint8_t *pPhaseCal)
2152          {
2153   1              VL53L0X_Error Status = VL53L0X_ERROR_NONE;
2154   1      
2155   1              LOG_FUNCTION_START("");
2156   1      
2157   1              Status = VL53L0X_perform_ref_calibration(Dev, pVhvSettings,
2158   1                      pPhaseCal, 1);
2159   1      
2160   1              LOG_FUNCTION_END(Status);
2161   1              return Status;
2162   1      }
2163          
2164          VL53L0X_Error VL53L0X_PerformXTalkMeasurement(VL53L0X_DEV Dev,
2165                  uint32_t TimeoutMs, FixPoint1616_t *pXtalkPerSpad,
2166                  uint8_t *pAmbientTooHigh)
2167          {
2168   1              VL53L0X_Error Status = VL53L0X_ERROR_NOT_IMPLEMENTED;
2169   1      
2170   1              LOG_FUNCTION_START("");
2171   1      
2172   1              /* not implemented on VL53L0X */
2173   1      
2174   1              LOG_FUNCTION_END(Status);
2175   1              return Status;
2176   1      }
2177          
2178          VL53L0X_Error VL53L0X_PerformXTalkCalibration(VL53L0X_DEV Dev,
2179                  FixPoint1616_t XTalkCalDistance,
2180                  FixPoint1616_t *pXTalkCompensationRateMegaCps)
2181          {
2182   1              VL53L0X_Error Status = VL53L0X_ERROR_NONE;
2183   1      
2184   1              LOG_FUNCTION_START("");
2185   1      
2186   1              Status = VL53L0X_perform_xtalk_calibration(Dev, XTalkCalDistance,
2187   1                      pXTalkCompensationRateMegaCps);
2188   1      
2189   1              LOG_FUNCTION_END(Status);
2190   1              return Status;
2191   1      }
2192          
2193          VL53L0X_Error VL53L0X_PerformOffsetCalibration(VL53L0X_DEV Dev,
2194                  FixPoint1616_t CalDistanceMilliMeter, int32_t *pOffsetMicroMeter)
2195          {
2196   1              VL53L0X_Error Status = VL53L0X_ERROR_NONE;
2197   1      
2198   1              LOG_FUNCTION_START("");
2199   1      
2200   1              Status = VL53L0X_perform_offset_calibration(Dev, CalDistanceMilliMeter,
2201   1                      pOffsetMicroMeter);
2202   1      
2203   1              LOG_FUNCTION_END(Status);
2204   1              return Status;
2205   1      }
2206          
2207          VL53L0X_Error VL53L0X_CheckAndLoadInterruptSettings(VL53L0X_DEV Dev,
2208                  uint8_t StartNotStopFlag)
2209          {
2210   1              uint8_t InterruptConfig;
2211   1              FixPoint1616_t ThresholdLow;
2212   1              FixPoint1616_t ThresholdHigh;
2213   1              VL53L0X_Error Status = VL53L0X_ERROR_NONE;
C51 COMPILER V9.60.0.0   VL53L0X_API                                                       09/19/2025 16:16:51 PAGE 37  

2214   1      
2215   1              LOG_FUNCTION_START("");
2216   1      
2217   1              InterruptConfig = VL53L0X_GETDEVICESPECIFICPARAMETER(Dev,
2218   1                      Pin0GpioFunctionality);
2219   1      
2220   1              switch (InterruptConfig) {
2221   2              case VL53L0X_GPIOFUNCTIONALITY_THRESHOLD_CROSSED_LOW:
2222   2                      Status = VL53L0X_GetInterruptThresholds(Dev,
2223   2                                              VL53L0X_DEVICEMODE_CONTINUOUS_RANGING,
2224   2                                              &ThresholdLow, &ThresholdHigh);
2225   2      
2226   2                      if ((ThresholdLow > 255*65536) &&
2227   2                              (Status == VL53L0X_ERROR_NONE)) {
2228   3      
2229   3                              if (StartNotStopFlag != 0) {
2230   4                                      Status = VL53L0X_load_tuning_settings(Dev,
2231   4                                                      InterruptThresholdSettings);
2232   4                              } else {
2233   4                                      Status |= VL53L0X_WrByte(Dev, 0xFF, 0x04);
2234   4                                      Status |= VL53L0X_WrByte(Dev, 0x70, 0x00);
2235   4                                      Status |= VL53L0X_WrByte(Dev, 0xFF, 0x00);
2236   4                                      Status |= VL53L0X_WrByte(Dev, 0x80, 0x00);
2237   4                              }
2238   3                      }
2239   2                      break;
2240   2              case VL53L0X_GPIOFUNCTIONALITY_THRESHOLD_CROSSED_HIGH:
2241   2                      Status = VL53L0X_GetInterruptThresholds(Dev,
2242   2                                              VL53L0X_DEVICEMODE_CONTINUOUS_RANGING,
2243   2                                              &ThresholdLow, &ThresholdHigh);
2244   2      
2245   2                      if ((ThresholdHigh > 0) &&
2246   2                              (Status == VL53L0X_ERROR_NONE)) {
2247   3      
2248   3                              if (StartNotStopFlag != 0) {
2249   4                                      Status = VL53L0X_load_tuning_settings(Dev,
2250   4                                                      InterruptThresholdSettings);
2251   4                              } else {
2252   4                                      Status |= VL53L0X_WrByte(Dev, 0xFF, 0x04);
2253   4                                      Status |= VL53L0X_WrByte(Dev, 0x70, 0x00);
2254   4                                      Status |= VL53L0X_WrByte(Dev, 0xFF, 0x00);
2255   4                                      Status |= VL53L0X_WrByte(Dev, 0x80, 0x00);
2256   4                              }
2257   3                      }
2258   2                      break;
2259   2              case VL53L0X_GPIOFUNCTIONALITY_THRESHOLD_CROSSED_OUT:
2260   2                      Status = VL53L0X_GetInterruptThresholds(Dev,
2261   2                                              VL53L0X_DEVICEMODE_CONTINUOUS_RANGING,
2262   2                                              &ThresholdLow, &ThresholdHigh);
2263   2      
2264   2                      if (Status == VL53L0X_ERROR_NONE) {
2265   3                              if (StartNotStopFlag != 0) {
2266   4                                      Status = VL53L0X_load_tuning_settings(Dev,
2267   4                                                      InterruptThresholdSettings);
2268   4                              } else {
2269   4                                      Status |= VL53L0X_WrByte(Dev, 0xFF, 0x04);
2270   4                                      Status |= VL53L0X_WrByte(Dev, 0x70, 0x00);
2271   4                                      Status |= VL53L0X_WrByte(Dev, 0xFF, 0x00);
2272   4                                      Status |= VL53L0X_WrByte(Dev, 0x80, 0x00);
2273   4                              }
2274   3                      }
2275   2                      break;
2276   2              }
C51 COMPILER V9.60.0.0   VL53L0X_API                                                       09/19/2025 16:16:51 PAGE 38  

2277   1      
2278   1              LOG_FUNCTION_END(Status);
2279   1              return Status;
2280   1      }
2281          
2282          
2283          VL53L0X_Error VL53L0X_StartMeasurement(VL53L0X_DEV Dev)
2284          {
2285   1              VL53L0X_Error Status = VL53L0X_ERROR_NONE;
2286   1              VL53L0X_DeviceModes DeviceMode;
2287   1              uint8_t Byte;
2288   1              uint8_t StartStopByte = VL53L0X_REG_SYSRANGE_MODE_START_STOP;
2289   1              uint32_t LoopNb;
2290   1      
2291   1              LOG_FUNCTION_START("");
2292   1      
2293   1              /* Get Current DeviceMode */
2294   1              VL53L0X_GetDeviceMode(Dev, &DeviceMode);
2295   1      
2296   1              Status = VL53L0X_WrByte(Dev, 0x80, 0x01);
2297   1              Status = VL53L0X_WrByte(Dev, 0xFF, 0x01);
2298   1              Status = VL53L0X_WrByte(Dev, 0x00, 0x00);
2299   1              Status = VL53L0X_WrByte(Dev, 0x91, PALDevDataGet(Dev, StopVariable));
2300   1              Status = VL53L0X_WrByte(Dev, 0x00, 0x01);
2301   1              Status = VL53L0X_WrByte(Dev, 0xFF, 0x00);
2302   1              Status = VL53L0X_WrByte(Dev, 0x80, 0x00);
2303   1      
2304   1              switch (DeviceMode) {
2305   2              case VL53L0X_DEVICEMODE_SINGLE_RANGING:
2306   2                      Status = VL53L0X_WrByte(Dev, VL53L0X_REG_SYSRANGE_START, 0x01);
2307   2      
2308   2                      Byte = StartStopByte;
2309   2                      if (Status == VL53L0X_ERROR_NONE) {
2310   3                              /* Wait until start bit has been cleared */
2311   3                              LoopNb = 0;
2312   3                              do {
2313   4                                      if (LoopNb > 0)
2314   4                                              Status = VL53L0X_RdByte(Dev,
2315   4                                              VL53L0X_REG_SYSRANGE_START, &Byte);
2316   4                                      LoopNb = LoopNb + 1;
2317   4                              } while (((Byte & StartStopByte) == StartStopByte)
2318   3                                      && (Status == VL53L0X_ERROR_NONE)
2319   3                                      && (LoopNb < VL53L0X_DEFAULT_MAX_LOOP));
2320   3      
2321   3                              if (LoopNb >= VL53L0X_DEFAULT_MAX_LOOP)
2322   3                                      Status = VL53L0X_ERROR_TIME_OUT;
2323   3      
2324   3                      }
2325   2      
2326   2                      break;
2327   2              case VL53L0X_DEVICEMODE_CONTINUOUS_RANGING:
2328   2                      /* Back-to-back mode */
2329   2      
2330   2                      /* Check if need to apply interrupt settings */
2331   2                      if (Status == VL53L0X_ERROR_NONE)
2332   2                              Status = VL53L0X_CheckAndLoadInterruptSettings(Dev, 1);
2333   2      
2334   2                      Status = VL53L0X_WrByte(Dev,
2335   2                      VL53L0X_REG_SYSRANGE_START,
2336   2                      VL53L0X_REG_SYSRANGE_MODE_BACKTOBACK);
2337   2                      if (Status == VL53L0X_ERROR_NONE) {
2338   3                              /* Set PAL State to Running */
2339   3                              PALDevDataSet(Dev, PalState, VL53L0X_STATE_RUNNING);
C51 COMPILER V9.60.0.0   VL53L0X_API                                                       09/19/2025 16:16:51 PAGE 39  

2340   3                      }
2341   2                      break;
2342   2              case VL53L0X_DEVICEMODE_CONTINUOUS_TIMED_RANGING:
2343   2                      /* Continuous mode */
2344   2                      /* Check if need to apply interrupt settings */
2345   2                      if (Status == VL53L0X_ERROR_NONE)
2346   2                              Status = VL53L0X_CheckAndLoadInterruptSettings(Dev, 1);
2347   2      
2348   2                      Status = VL53L0X_WrByte(Dev,
2349   2                      VL53L0X_REG_SYSRANGE_START,
2350   2                      VL53L0X_REG_SYSRANGE_MODE_TIMED);
2351   2      
2352   2                      if (Status == VL53L0X_ERROR_NONE) {
2353   3                              /* Set PAL State to Running */
2354   3                              PALDevDataSet(Dev, PalState, VL53L0X_STATE_RUNNING);
2355   3                      }
2356   2                      break;
2357   2              default:
2358   2                      /* Selected mode not supported */
2359   2                      Status = VL53L0X_ERROR_MODE_NOT_SUPPORTED;
2360   2              }
2361   1      
2362   1      
2363   1              LOG_FUNCTION_END(Status);
2364   1              return Status;
2365   1      }
2366          
2367          VL53L0X_Error VL53L0X_StopMeasurement(VL53L0X_DEV Dev)
2368          {
2369   1              VL53L0X_Error Status = VL53L0X_ERROR_NONE;
2370   1      
2371   1              LOG_FUNCTION_START("");
2372   1      
2373   1              Status = VL53L0X_WrByte(Dev, VL53L0X_REG_SYSRANGE_START,
2374   1              VL53L0X_REG_SYSRANGE_MODE_SINGLESHOT);
2375   1      
2376   1              Status = VL53L0X_WrByte(Dev, 0xFF, 0x01);
2377   1              Status = VL53L0X_WrByte(Dev, 0x00, 0x00);
2378   1              Status = VL53L0X_WrByte(Dev, 0x91, 0x00);
2379   1              Status = VL53L0X_WrByte(Dev, 0x00, 0x01);
2380   1              Status = VL53L0X_WrByte(Dev, 0xFF, 0x00);
2381   1      
2382   1              if (Status == VL53L0X_ERROR_NONE) {
2383   2                      /* Set PAL State to Idle */
2384   2                      PALDevDataSet(Dev, PalState, VL53L0X_STATE_IDLE);
2385   2              }
2386   1      
2387   1              /* Check if need to apply interrupt settings */
2388   1              if (Status == VL53L0X_ERROR_NONE)
2389   1                      Status = VL53L0X_CheckAndLoadInterruptSettings(Dev, 0);
2390   1      
2391   1              LOG_FUNCTION_END(Status);
2392   1              return Status;
2393   1      }
2394          
2395          VL53L0X_Error VL53L0X_GetMeasurementDataReady(VL53L0X_DEV Dev,
2396                  uint8_t *pMeasurementDataReady)
2397          {
2398   1              VL53L0X_Error Status = VL53L0X_ERROR_NONE;
2399   1              uint8_t SysRangeStatusRegister;
2400   1              uint8_t InterruptConfig;
2401   1              uint32_t InterruptMask;
2402   1      
C51 COMPILER V9.60.0.0   VL53L0X_API                                                       09/19/2025 16:16:51 PAGE 40  

2403   1              LOG_FUNCTION_START("");
2404   1      
2405   1              InterruptConfig = VL53L0X_GETDEVICESPECIFICPARAMETER(Dev,
2406   1                      Pin0GpioFunctionality);
2407   1      
2408   1              if (InterruptConfig ==
2409   1                      VL53L0X_REG_SYSTEM_INTERRUPT_GPIO_NEW_SAMPLE_READY) {
2410   2                      Status = VL53L0X_GetInterruptMaskStatus(Dev, &InterruptMask);
2411   2                      if (InterruptMask ==
2412   2                      VL53L0X_REG_SYSTEM_INTERRUPT_GPIO_NEW_SAMPLE_READY)
2413   2                              *pMeasurementDataReady = 1;
2414   2                      else
2415   2                              *pMeasurementDataReady = 0;
2416   2              } else {
2417   2                      Status = VL53L0X_RdByte(Dev, VL53L0X_REG_RESULT_RANGE_STATUS,
2418   2                              &SysRangeStatusRegister);
2419   2                      if (Status == VL53L0X_ERROR_NONE) {
2420   3                              if (SysRangeStatusRegister & 0x01)
2421   3                                      *pMeasurementDataReady = 1;
2422   3                              else
2423   3                                      *pMeasurementDataReady = 0;
2424   3                      }
2425   2              }
2426   1      
2427   1              LOG_FUNCTION_END(Status);
2428   1              return Status;
2429   1      }
2430          
2431          VL53L0X_Error VL53L0X_WaitDeviceReadyForNewMeasurement(VL53L0X_DEV Dev,
2432                  uint32_t MaxLoop)
2433          {
2434   1              VL53L0X_Error Status = VL53L0X_ERROR_NOT_IMPLEMENTED;
2435   1      
2436   1              LOG_FUNCTION_START("");
2437   1      
2438   1              /* not implemented for VL53L0X */
2439   1      
2440   1              LOG_FUNCTION_END(Status);
2441   1              return Status;
2442   1      }
2443          
2444          
2445          VL53L0X_Error VL53L0X_GetRangingMeasurementData(VL53L0X_DEV Dev,
2446                  VL53L0X_RangingMeasurementData_t *pRangingMeasurementData)
2447          {
2448   1              VL53L0X_Error Status = VL53L0X_ERROR_NONE;
2449   1              uint8_t DeviceRangeStatus;
2450   1              uint8_t RangeFractionalEnable;
2451   1              uint8_t PalRangeStatus;
2452   1              uint8_t XTalkCompensationEnable;
2453   1              uint16_t AmbientRate;
2454   1              FixPoint1616_t SignalRate;
2455   1              uint16_t XTalkCompensationRateMegaCps;
2456   1              uint16_t EffectiveSpadRtnCount;
2457   1              uint16_t tmpuint16;
2458   1              uint16_t XtalkRangeMilliMeter;
2459   1              uint16_t LinearityCorrectiveGain;
2460   1              uint8_t localBuffer[12];
2461   1              VL53L0X_RangingMeasurementData_t LastRangeDataBuffer;
2462   1      
2463   1              LOG_FUNCTION_START("");
2464   1      
2465   1              /*
C51 COMPILER V9.60.0.0   VL53L0X_API                                                       09/19/2025 16:16:51 PAGE 41  

2466   1               * use multi read even if some registers are not useful, result will
2467   1               * be more efficient
2468   1               * start reading at 0x14 dec20
2469   1               * end reading at 0x21 dec33 total 14 bytes to read
2470   1               */
2471   1              Status = VL53L0X_ReadMulti(Dev, 0x14, localBuffer, 12);
2472   1      
2473   1              if (Status == VL53L0X_ERROR_NONE) {
2474   2      
2475   2                      pRangingMeasurementData->ZoneId = 0; /* Only one zone */
2476   2                      pRangingMeasurementData->TimeStamp = 0; /* Not Implemented */
2477   2      
2478   2                      tmpuint16 = VL53L0X_MAKEUINT16(localBuffer[11],
2479   2                                                     localBuffer[10]);
2480   2                      /* cut1.1 if SYSTEM__RANGE_CONFIG if 1 range is 2bits fractional
2481   2                       *(format 11.2) else no fractional
2482   2                       */
2483   2      
2484   2                      pRangingMeasurementData->MeasurementTimeUsec = 0;
2485   2      
2486   2      
2487   2                      SignalRate = VL53L0X_FIXPOINT97TOFIXPOINT1616(
2488   2                              VL53L0X_MAKEUINT16(localBuffer[7], localBuffer[6]));
2489   2                      /* peak_signal_count_rate_rtn_mcps */
2490   2                      pRangingMeasurementData->SignalRateRtnMegaCps = SignalRate;
2491   2      
2492   2                      AmbientRate = VL53L0X_MAKEUINT16(localBuffer[9],
2493   2                                                       localBuffer[8]);
2494   2                      pRangingMeasurementData->AmbientRateRtnMegaCps =
2495   2                              VL53L0X_FIXPOINT97TOFIXPOINT1616(AmbientRate);
2496   2      
2497   2                      EffectiveSpadRtnCount = VL53L0X_MAKEUINT16(localBuffer[3],
2498   2                              localBuffer[2]);
2499   2                      /* EffectiveSpadRtnCount is 8.8 format */
2500   2                      pRangingMeasurementData->EffectiveSpadRtnCount =
2501   2                              EffectiveSpadRtnCount;
2502   2      
2503   2                      DeviceRangeStatus = localBuffer[0];
2504   2      
2505   2                      /* Get Linearity Corrective Gain */
2506   2                      LinearityCorrectiveGain = PALDevDataGet(Dev,
2507   2                              LinearityCorrectiveGain);
2508   2      
2509   2                      /* Get ranging configuration */
2510   2                      RangeFractionalEnable = PALDevDataGet(Dev,
2511   2                              RangeFractionalEnable);
2512   2      
2513   2                      if (LinearityCorrectiveGain != 1000) {
2514   3      
2515   3                              tmpuint16 = (uint16_t)((LinearityCorrectiveGain
2516   3                                      * tmpuint16 + 500) / 1000);
2517   3      
2518   3                              /* Implement Xtalk */
2519   3                              VL53L0X_GETPARAMETERFIELD(Dev,
2521   3                                      XTalkCompensationRateMegaCps,
2521   3                                      XTalkCompensationRateMegaCps);
2522   3                              VL53L0X_GETPARAMETERFIELD(Dev, XTalkCompensationEnable,
2523   3                                      XTalkCompensationEnable);
2524   3      
2525   3                              if (XTalkCompensationEnable) {
2526   4      
2527   4                                      if ((SignalRate
2528   4                                              - ((XTalkCompensationRateMegaCps
C51 COMPILER V9.60.0.0   VL53L0X_API                                                       09/19/2025 16:16:51 PAGE 42  

2529   4                                              * EffectiveSpadRtnCount) >> 8))
2530   4                                              <= 0) {
2531   5                                              if (RangeFractionalEnable)
2532   5                                                      XtalkRangeMilliMeter = 8888;
2533   5                                              else
2534   5                                                      XtalkRangeMilliMeter = 8888
2535   5                                                              << 2;
2536   5                                      } else {
2537   5                                              XtalkRangeMilliMeter =
2538   5                                              (tmpuint16 * SignalRate)
2539   5                                                      / (SignalRate
2540   5                                                      - ((XTalkCompensationRateMegaCps
2541   5                                                      * EffectiveSpadRtnCount)
2542   5                                                      >> 8));
2543   5                                      }
2544   4      
2545   4                                      tmpuint16 = XtalkRangeMilliMeter;
2546   4                              }
2547   3      
2548   3                      }
2549   2      
2550   2                      if (RangeFractionalEnable) {
2551   3                              pRangingMeasurementData->RangeMilliMeter =
2552   3                                      (uint16_t)((tmpuint16) >> 2);
2553   3                              pRangingMeasurementData->RangeFractionalPart =
2554   3                                      (uint8_t)((tmpuint16 & 0x03) << 6);
2555   3                      } else {
2556   3                              pRangingMeasurementData->RangeMilliMeter = tmpuint16;
2557   3                              pRangingMeasurementData->RangeFractionalPart = 0;
2558   3                      }
2559   2      
2560   2                      /*
2561   2                       * For a standard definition of RangeStatus, this should
2562   2                       * return 0 in case of good result after a ranging
2563   2                       * The range status depends on the device so call a device
2564   2                       * specific function to obtain the right Status.
2565   2                       */
2566   2                      Status |= VL53L0X_get_pal_range_status(Dev, DeviceRangeStatus,
2567   2                              SignalRate, EffectiveSpadRtnCount,
2568   2                              pRangingMeasurementData, &PalRangeStatus);
2569   2      
2570   2                      if (Status == VL53L0X_ERROR_NONE)
2571   2                              pRangingMeasurementData->RangeStatus = PalRangeStatus;
2572   2      
2573   2              }
2574   1      
2575   1              if (Status == VL53L0X_ERROR_NONE) {
2576   2                      /* Copy last read data into Dev buffer */
2577   2                      LastRangeDataBuffer = PALDevDataGet(Dev, LastRangeMeasure);
2578   2      
2579   2                      LastRangeDataBuffer.RangeMilliMeter =
2580   2                              pRangingMeasurementData->RangeMilliMeter;
2581   2                      LastRangeDataBuffer.RangeFractionalPart =
2582   2                              pRangingMeasurementData->RangeFractionalPart;
2583   2                      LastRangeDataBuffer.RangeDMaxMilliMeter =
2584   2                              pRangingMeasurementData->RangeDMaxMilliMeter;
2585   2                      LastRangeDataBuffer.MeasurementTimeUsec =
2586   2                              pRangingMeasurementData->MeasurementTimeUsec;
2587   2                      LastRangeDataBuffer.SignalRateRtnMegaCps =
2588   2                              pRangingMeasurementData->SignalRateRtnMegaCps;
2589   2                      LastRangeDataBuffer.AmbientRateRtnMegaCps =
2590   2                              pRangingMeasurementData->AmbientRateRtnMegaCps;
2591   2                      LastRangeDataBuffer.EffectiveSpadRtnCount =
C51 COMPILER V9.60.0.0   VL53L0X_API                                                       09/19/2025 16:16:51 PAGE 43  

2592   2                              pRangingMeasurementData->EffectiveSpadRtnCount;
2593   2                      LastRangeDataBuffer.RangeStatus =
2594   2                              pRangingMeasurementData->RangeStatus;
2595   2      
2596   2                      PALDevDataSet(Dev, LastRangeMeasure, LastRangeDataBuffer);
2597   2              }
2598   1      
2599   1              LOG_FUNCTION_END(Status);
2600   1              return Status;
2601   1      }
2602          
2603          VL53L0X_Error VL53L0X_GetMeasurementRefSignal(VL53L0X_DEV Dev,
2604                  FixPoint1616_t *pMeasurementRefSignal)
2605          {
2606   1              VL53L0X_Error Status = VL53L0X_ERROR_NONE;
2607   1              uint8_t SignalRefClipLimitCheckEnable = 0;
2608   1      
2609   1              LOG_FUNCTION_START("");
2610   1      
2611   1              Status = VL53L0X_GetLimitCheckEnable(Dev,
2612   1                              VL53L0X_CHECKENABLE_SIGNAL_REF_CLIP,
2613   1                              &SignalRefClipLimitCheckEnable);
2614   1              if (SignalRefClipLimitCheckEnable != 0)
2615   1                      *pMeasurementRefSignal = PALDevDataGet(Dev, LastSignalRefMcps);
2616   1              else
2617   1                      Status = VL53L0X_ERROR_INVALID_COMMAND;
2618   1      
2619   1              LOG_FUNCTION_END(Status);
2620   1      
2621   1              return Status;
2622   1      }
2623          
2624          VL53L0X_Error VL53L0X_GetHistogramMeasurementData(VL53L0X_DEV Dev,
2625                  VL53L0X_HistogramMeasurementData_t *pHistogramMeasurementData)
2626          {
2627   1              VL53L0X_Error Status = VL53L0X_ERROR_NOT_IMPLEMENTED;
2628   1      
2629   1              LOG_FUNCTION_START("");
2630   1      
2631   1              LOG_FUNCTION_END(Status);
2632   1              return Status;
2633   1      }
2634          
2635          VL53L0X_Error VL53L0X_PerformSingleRangingMeasurement(VL53L0X_DEV Dev,
2636                  VL53L0X_RangingMeasurementData_t *pRangingMeasurementData)
2637          {
2638   1              VL53L0X_Error Status = VL53L0X_ERROR_NONE;
2639   1      
2640   1              LOG_FUNCTION_START("");
2641   1      
2642   1              /* This function will do a complete single ranging
2643   1               * Here we fix the mode!
2644   1               */
2645   1              Status = VL53L0X_SetDeviceMode(Dev, VL53L0X_DEVICEMODE_SINGLE_RANGING);
2646   1      
2647   1              if (Status == VL53L0X_ERROR_NONE)
2648   1                      Status = VL53L0X_PerformSingleMeasurement(Dev);
2649   1      
2650   1      
2651   1              if (Status == VL53L0X_ERROR_NONE)
2652   1                      Status = VL53L0X_GetRangingMeasurementData(Dev,
2653   1                              pRangingMeasurementData);
2654   1      
C51 COMPILER V9.60.0.0   VL53L0X_API                                                       09/19/2025 16:16:51 PAGE 44  

2655   1      
2656   1              if (Status == VL53L0X_ERROR_NONE)
2657   1                      Status = VL53L0X_ClearInterruptMask(Dev, 0);
2658   1      
2659   1      
2660   1              LOG_FUNCTION_END(Status);
2661   1              return Status;
2662   1      }
2663          
2664          VL53L0X_Error VL53L0X_SetNumberOfROIZones(VL53L0X_DEV Dev,
2665                  uint8_t NumberOfROIZones)
2666          {
2667   1              VL53L0X_Error Status = VL53L0X_ERROR_NONE;
2668   1      
2669   1              LOG_FUNCTION_START("");
2670   1      
2671   1              if (NumberOfROIZones != 1)
2672   1                      Status = VL53L0X_ERROR_INVALID_PARAMS;
2673   1      
2674   1      
2675   1              LOG_FUNCTION_END(Status);
2676   1              return Status;
2677   1      }
2678          
2679          VL53L0X_Error VL53L0X_GetNumberOfROIZones(VL53L0X_DEV Dev,
2680                  uint8_t *pNumberOfROIZones)
2681          {
2682   1              VL53L0X_Error Status = VL53L0X_ERROR_NONE;
2683   1      
2684   1              LOG_FUNCTION_START("");
2685   1      
2686   1              *pNumberOfROIZones = 1;
2687   1      
2688   1              LOG_FUNCTION_END(Status);
2689   1              return Status;
2690   1      }
2691          
2692          VL53L0X_Error VL53L0X_GetMaxNumberOfROIZones(VL53L0X_DEV Dev,
2693                  uint8_t *pMaxNumberOfROIZones)
2694          {
2695   1              VL53L0X_Error Status = VL53L0X_ERROR_NONE;
2696   1      
2697   1              LOG_FUNCTION_START("");
2698   1      
2699   1              *pMaxNumberOfROIZones = 1;
2700   1      
2701   1              LOG_FUNCTION_END(Status);
2702   1              return Status;
2703   1      }
2704          
2705          /* End Group PAL Measurement Functions */
2706          
2707          VL53L0X_Error VL53L0X_SetGpioConfig(VL53L0X_DEV Dev, uint8_t Pin,
2708                  VL53L0X_DeviceModes DeviceMode, VL53L0X_GpioFunctionality Functionality,
2709                  VL53L0X_InterruptPolarity Polarity)
2710          {
2711   1              VL53L0X_Error Status = VL53L0X_ERROR_NONE;
2712   1              uint8_t data;
2713   1      
2714   1              LOG_FUNCTION_START("");
2715   1      
2716   1              if (Pin != 0) {
2717   2                      Status = VL53L0X_ERROR_GPIO_NOT_EXISTING;
C51 COMPILER V9.60.0.0   VL53L0X_API                                                       09/19/2025 16:16:51 PAGE 45  

2718   2              } else if (DeviceMode == VL53L0X_DEVICEMODE_GPIO_DRIVE) {
2719   2                      if (Polarity == VL53L0X_INTERRUPTPOLARITY_LOW)
2720   2                              data = 0x10;
2721   2                      else
2722   2                              data = 1;
2723   2      
2724   2                      Status = VL53L0X_WrByte(Dev,
2725   2                      VL53L0X_REG_GPIO_HV_MUX_ACTIVE_HIGH, data);
2726   2      
2727   2              } else if (DeviceMode == VL53L0X_DEVICEMODE_GPIO_OSC) {
2728   2      
2729   2                      Status |= VL53L0X_WrByte(Dev, 0xff, 0x01);
2730   2                      Status |= VL53L0X_WrByte(Dev, 0x00, 0x00);
2731   2      
2732   2                      Status |= VL53L0X_WrByte(Dev, 0xff, 0x00);
2733   2                      Status |= VL53L0X_WrByte(Dev, 0x80, 0x01);
2734   2                      Status |= VL53L0X_WrByte(Dev, 0x85, 0x02);
2735   2      
2736   2                      Status |= VL53L0X_WrByte(Dev, 0xff, 0x04);
2737   2                      Status |= VL53L0X_WrByte(Dev, 0xcd, 0x00);
2738   2                      Status |= VL53L0X_WrByte(Dev, 0xcc, 0x11);
2739   2      
2740   2                      Status |= VL53L0X_WrByte(Dev, 0xff, 0x07);
2741   2                      Status |= VL53L0X_WrByte(Dev, 0xbe, 0x00);
2742   2      
2743   2                      Status |= VL53L0X_WrByte(Dev, 0xff, 0x06);
2744   2                      Status |= VL53L0X_WrByte(Dev, 0xcc, 0x09);
2745   2      
2746   2                      Status |= VL53L0X_WrByte(Dev, 0xff, 0x00);
2747   2                      Status |= VL53L0X_WrByte(Dev, 0xff, 0x01);
2748   2                      Status |= VL53L0X_WrByte(Dev, 0x00, 0x00);
2749   2      
2750   2              } else {
2751   2      
2752   2                      if (Status == VL53L0X_ERROR_NONE) {
2753   3                              switch (Functionality) {
2754   4                              case VL53L0X_GPIOFUNCTIONALITY_OFF:
2755   4                                      data = 0x00;
2756   4                                      break;
2757   4                              case VL53L0X_GPIOFUNCTIONALITY_THRESHOLD_CROSSED_LOW:
2758   4                                      data = 0x01;
2759   4                                      break;
2760   4                              case VL53L0X_GPIOFUNCTIONALITY_THRESHOLD_CROSSED_HIGH:
2761   4                                      data = 0x02;
2762   4                                      break;
2763   4                              case VL53L0X_GPIOFUNCTIONALITY_THRESHOLD_CROSSED_OUT:
2764   4                                      data = 0x03;
2765   4                                      break;
2766   4                              case VL53L0X_GPIOFUNCTIONALITY_NEW_MEASURE_READY:
2767   4                                      data = 0x04;
2768   4                                      break;
2769   4                              default:
2770   4                                      Status =
2771   4                                      VL53L0X_ERROR_GPIO_FUNCTIONALITY_NOT_SUPPORTED;
2772   4                              }
2773   3                      }
2774   2      
2775   2                      if (Status == VL53L0X_ERROR_NONE)
2776   2                              Status = VL53L0X_WrByte(Dev,
2777   2                              VL53L0X_REG_SYSTEM_INTERRUPT_CONFIG_GPIO, data);
2778   2      
2779   2                      if (Status == VL53L0X_ERROR_NONE) {
2780   3                              if (Polarity == VL53L0X_INTERRUPTPOLARITY_LOW)
C51 COMPILER V9.60.0.0   VL53L0X_API                                                       09/19/2025 16:16:51 PAGE 46  

2781   3                                      data = 0;
2782   3                              else
2783   3                                      data = (uint8_t)(1 << 4);
2784   3      
2785   3                              Status = VL53L0X_UpdateByte(Dev,
2786   3                              VL53L0X_REG_GPIO_HV_MUX_ACTIVE_HIGH, 0xEF, data);
2787   3                      }
2788   2      
2789   2                      if (Status == VL53L0X_ERROR_NONE)
2790   2                              VL53L0X_SETDEVICESPECIFICPARAMETER(Dev,
2791   2                                      Pin0GpioFunctionality, Functionality);
2792   2      
2793   2                      if (Status == VL53L0X_ERROR_NONE)
2794   2                              Status = VL53L0X_ClearInterruptMask(Dev, 0);
2795   2      
2796   2              }
2797   1      
2798   1              LOG_FUNCTION_END(Status);
2799   1              return Status;
2800   1      }
2801          
2802          VL53L0X_Error VL53L0X_GetGpioConfig(VL53L0X_DEV Dev, uint8_t Pin,
2803                  VL53L0X_DeviceModes *pDeviceMode,
2804                  VL53L0X_GpioFunctionality *pFunctionality,
2805                  VL53L0X_InterruptPolarity *pPolarity)
2806          {
2807   1              VL53L0X_Error Status = VL53L0X_ERROR_NONE;
2808   1              VL53L0X_GpioFunctionality GpioFunctionality;
2809   1              uint8_t data;
2810   1      
2811   1              LOG_FUNCTION_START("");
2812   1      
2813   1              /* pDeviceMode not managed by Ewok it return the current mode */
2814   1      
2815   1              Status = VL53L0X_GetDeviceMode(Dev, pDeviceMode);
2816   1      
2817   1              if (Status == VL53L0X_ERROR_NONE) {
2818   2                      if (Pin != 0) {
2819   3                              Status = VL53L0X_ERROR_GPIO_NOT_EXISTING;
2820   3                      } else {
2821   3                              Status = VL53L0X_RdByte(Dev,
2822   3                              VL53L0X_REG_SYSTEM_INTERRUPT_CONFIG_GPIO, &data);
2823   3                      }
2824   2              }
2825   1      
2826   1              if (Status == VL53L0X_ERROR_NONE) {
2827   2                      switch (data & 0x07) {
2828   3                      case 0x00:
2829   3                              GpioFunctionality = VL53L0X_GPIOFUNCTIONALITY_OFF;
2830   3                              break;
2831   3                      case 0x01:
2832   3                              GpioFunctionality =
2833   3                              VL53L0X_GPIOFUNCTIONALITY_THRESHOLD_CROSSED_LOW;
2834   3                              break;
2835   3                      case 0x02:
2836   3                              GpioFunctionality =
2837   3                              VL53L0X_GPIOFUNCTIONALITY_THRESHOLD_CROSSED_HIGH;
2838   3                              break;
2839   3                      case 0x03:
2840   3                              GpioFunctionality =
2841   3                              VL53L0X_GPIOFUNCTIONALITY_THRESHOLD_CROSSED_OUT;
2842   3                              break;
2843   3                      case 0x04:
C51 COMPILER V9.60.0.0   VL53L0X_API                                                       09/19/2025 16:16:51 PAGE 47  

2844   3                              GpioFunctionality =
2845   3                              VL53L0X_GPIOFUNCTIONALITY_NEW_MEASURE_READY;
2846   3                              break;
2847   3                      default:
2848   3                              Status = VL53L0X_ERROR_GPIO_FUNCTIONALITY_NOT_SUPPORTED;
2849   3                      }
2850   2              }
2851   1      
2852   1              if (Status == VL53L0X_ERROR_NONE)
2853   1                      Status = VL53L0X_RdByte(Dev,
2854   1                              VL53L0X_REG_GPIO_HV_MUX_ACTIVE_HIGH,
2855   1                              &data);
2856   1      
2857   1              if (Status == VL53L0X_ERROR_NONE) {
2858   2                      if ((data & (uint8_t)(1 << 4)) == 0)
2859   2                              *pPolarity = VL53L0X_INTERRUPTPOLARITY_LOW;
2860   2                      else
2861   2                              *pPolarity = VL53L0X_INTERRUPTPOLARITY_HIGH;
2862   2              }
2863   1      
2864   1              if (Status == VL53L0X_ERROR_NONE) {
2865   2                      *pFunctionality = GpioFunctionality;
2866   2                      VL53L0X_SETDEVICESPECIFICPARAMETER(Dev, Pin0GpioFunctionality,
2867   2                              GpioFunctionality);
2868   2              }
2869   1      
2870   1              LOG_FUNCTION_END(Status);
2871   1              return Status;
2872   1      }
2873          
2874          VL53L0X_Error VL53L0X_SetInterruptThresholds(VL53L0X_DEV Dev,
2875                  VL53L0X_DeviceModes DeviceMode, FixPoint1616_t ThresholdLow,
2876                  FixPoint1616_t ThresholdHigh)
2877          {
2878   1              VL53L0X_Error Status = VL53L0X_ERROR_NONE;
2879   1              uint16_t Threshold16;
2880   1      
2881   1              LOG_FUNCTION_START("");
2882   1      
2883   1              /* no dependency on DeviceMode for Ewok */
2884   1              /* Need to divide by 2 because the FW will apply a x2 */
2885   1              Threshold16 = (uint16_t)((ThresholdLow >> 17) & 0x00fff);
2886   1              Status = VL53L0X_WrWord(Dev, VL53L0X_REG_SYSTEM_THRESH_LOW,
2887   1                                      Threshold16);
2888   1      
2889   1              if (Status == VL53L0X_ERROR_NONE) {
2890   2                      /* Need to divide by 2 because the FW will apply a x2 */
2891   2                      Threshold16 = (uint16_t)((ThresholdHigh >> 17) & 0x00fff);
2892   2                      Status = VL53L0X_WrWord(Dev, VL53L0X_REG_SYSTEM_THRESH_HIGH,
2893   2                              Threshold16);
2894   2              }
2895   1      
2896   1              LOG_FUNCTION_END(Status);
2897   1              return Status;
2898   1      }
2899          
2900          VL53L0X_Error VL53L0X_GetInterruptThresholds(VL53L0X_DEV Dev,
2901                  VL53L0X_DeviceModes DeviceMode, FixPoint1616_t *pThresholdLow,
2902                  FixPoint1616_t *pThresholdHigh)
2903          {
2904   1              VL53L0X_Error Status = VL53L0X_ERROR_NONE;
2905   1              uint16_t Threshold16;
2906   1      
C51 COMPILER V9.60.0.0   VL53L0X_API                                                       09/19/2025 16:16:51 PAGE 48  

2907   1              LOG_FUNCTION_START("");
2908   1      
2909   1              /* no dependency on DeviceMode for Ewok */
2910   1      
2911   1              Status = VL53L0X_RdWord(Dev, VL53L0X_REG_SYSTEM_THRESH_LOW,
2912   1                                      &Threshold16);
2913   1              /* Need to multiply by 2 because the FW will apply a x2 */
2914   1              *pThresholdLow = (FixPoint1616_t)((0x00fff & Threshold16) << 17);
2915   1      
2916   1              if (Status == VL53L0X_ERROR_NONE) {
2917   2                      Status = VL53L0X_RdWord(Dev, VL53L0X_REG_SYSTEM_THRESH_HIGH,
2918   2                              &Threshold16);
2919   2                      /* Need to multiply by 2 because the FW will apply a x2 */
2920   2                      *pThresholdHigh =
2921   2                              (FixPoint1616_t)((0x00fff & Threshold16) << 17);
2922   2              }
2923   1      
2924   1              LOG_FUNCTION_END(Status);
2925   1              return Status;
2926   1      }
2927          
2928          VL53L0X_Error VL53L0X_GetStopCompletedStatus(VL53L0X_DEV Dev,
2929                  uint32_t *pStopStatus)
2930          {
2931   1              VL53L0X_Error Status = VL53L0X_ERROR_NONE;
2932   1              uint8_t Byte = 0;
2933   1      
2934   1              LOG_FUNCTION_START("");
2935   1      
2936   1              Status = VL53L0X_WrByte(Dev, 0xFF, 0x01);
2937   1      
2938   1              if (Status == VL53L0X_ERROR_NONE)
2939   1                      Status = VL53L0X_RdByte(Dev, 0x04, &Byte);
2940   1      
2941   1              if (Status == VL53L0X_ERROR_NONE)
2942   1                      Status = VL53L0X_WrByte(Dev, 0xFF, 0x0);
2943   1      
2944   1              *pStopStatus = Byte;
2945   1      
2946   1              if (Byte == 0) {
2947   2                      Status = VL53L0X_WrByte(Dev, 0x80, 0x01);
2948   2                      Status = VL53L0X_WrByte(Dev, 0xFF, 0x01);
2949   2                      Status = VL53L0X_WrByte(Dev, 0x00, 0x00);
2950   2                      Status = VL53L0X_WrByte(Dev, 0x91,
2951   2                              PALDevDataGet(Dev, StopVariable));
2952   2                      Status = VL53L0X_WrByte(Dev, 0x00, 0x01);
2953   2                      Status = VL53L0X_WrByte(Dev, 0xFF, 0x00);
2954   2                      Status = VL53L0X_WrByte(Dev, 0x80, 0x00);
2955   2              }
2956   1      
2957   1              LOG_FUNCTION_END(Status);
2958   1              return Status;
2959   1      }
2960          
2961          /* Group PAL Interrupt Functions */
2962          VL53L0X_Error VL53L0X_ClearInterruptMask(VL53L0X_DEV Dev,
2963                                                   uint32_t InterruptMask)
2964          {
2965   1              VL53L0X_Error Status = VL53L0X_ERROR_NONE;
2966   1              uint8_t LoopCount;
2967   1              uint8_t Byte;
2968   1      
2969   1              LOG_FUNCTION_START("");
C51 COMPILER V9.60.0.0   VL53L0X_API                                                       09/19/2025 16:16:51 PAGE 49  

2970   1      
2971   1              /* clear bit 0 range interrupt, bit 1 error interrupt */
2972   1              LoopCount = 0;
2973   1              do {
2974   2                      Status = VL53L0X_WrByte(Dev,
2975   2                              VL53L0X_REG_SYSTEM_INTERRUPT_CLEAR, 0x01);
2976   2                      Status |= VL53L0X_WrByte(Dev,
2977   2                              VL53L0X_REG_SYSTEM_INTERRUPT_CLEAR, 0x00);
2978   2                      Status |= VL53L0X_RdByte(Dev,
2979   2                              VL53L0X_REG_RESULT_INTERRUPT_STATUS, &Byte);
2980   2                      LoopCount++;
2981   2              } while (((Byte & 0x07) != 0x00)
2982   1                              && (LoopCount < 3)
2983   1                              && (Status == VL53L0X_ERROR_NONE));
2984   1      
2985   1      
2986   1              if (LoopCount >= 3)
2987   1                      Status = VL53L0X_ERROR_INTERRUPT_NOT_CLEARED;
2988   1      
2989   1              LOG_FUNCTION_END(Status);
2990   1              return Status;
2991   1      }
2992          
2993          VL53L0X_Error VL53L0X_GetInterruptMaskStatus(VL53L0X_DEV Dev,
2994                  uint32_t *pInterruptMaskStatus)
2995          {
2996   1              VL53L0X_Error Status = VL53L0X_ERROR_NONE;
2997   1              uint8_t Byte;
2998   1      
2999   1              LOG_FUNCTION_START("");
3000   1      
3001   1              Status = VL53L0X_RdByte(Dev, VL53L0X_REG_RESULT_INTERRUPT_STATUS,
3002   1                                      &Byte);
3003   1              *pInterruptMaskStatus = Byte & 0x07;
3004   1      
3005   1              if (Byte & 0x18)
3006   1                      Status = VL53L0X_ERROR_RANGE_ERROR;
3007   1      
3008   1              LOG_FUNCTION_END(Status);
3009   1              return Status;
3010   1      }
3011          
3012          VL53L0X_Error VL53L0X_EnableInterruptMask(VL53L0X_DEV Dev,
3013                                                    uint32_t InterruptMask)
3014          {
3015   1              VL53L0X_Error Status = VL53L0X_ERROR_NOT_IMPLEMENTED;
3016   1      
3017   1              LOG_FUNCTION_START("");
3018   1      
3019   1              /* not implemented for VL53L0X */
3020   1      
3021   1              LOG_FUNCTION_END(Status);
3022   1              return Status;
3023   1      }
3024          
3025          /* End Group PAL Interrupt Functions */
3026          
3027          /* Group SPAD functions */
3028          
3029          VL53L0X_Error VL53L0X_SetSpadAmbientDamperThreshold(VL53L0X_DEV Dev,
3030                  uint16_t SpadAmbientDamperThreshold)
3031          {
3032   1              VL53L0X_Error Status = VL53L0X_ERROR_NONE;
C51 COMPILER V9.60.0.0   VL53L0X_API                                                       09/19/2025 16:16:51 PAGE 50  

3033   1      
3034   1              LOG_FUNCTION_START("");
3035   1      
3036   1              Status = VL53L0X_WrByte(Dev, 0xFF, 0x01);
3037   1              Status |= VL53L0X_WrWord(Dev, 0x40, SpadAmbientDamperThreshold);
3038   1              Status |= VL53L0X_WrByte(Dev, 0xFF, 0x00);
3039   1      
3040   1              LOG_FUNCTION_END(Status);
3041   1              return Status;
3042   1      }
3043          
3044          VL53L0X_Error VL53L0X_GetSpadAmbientDamperThreshold(VL53L0X_DEV Dev,
3045                  uint16_t *pSpadAmbientDamperThreshold)
3046          {
3047   1              VL53L0X_Error Status = VL53L0X_ERROR_NONE;
3048   1      
3049   1              LOG_FUNCTION_START("");
3050   1      
3051   1              Status = VL53L0X_WrByte(Dev, 0xFF, 0x01);
3052   1              Status |= VL53L0X_RdWord(Dev, 0x40, pSpadAmbientDamperThreshold);
3053   1              Status |= VL53L0X_WrByte(Dev, 0xFF, 0x00);
3054   1      
3055   1              LOG_FUNCTION_END(Status);
3056   1              return Status;
3057   1      }
3058          
3059          VL53L0X_Error VL53L0X_SetSpadAmbientDamperFactor(VL53L0X_DEV Dev,
3060                  uint16_t SpadAmbientDamperFactor)
3061          {
3062   1              VL53L0X_Error Status = VL53L0X_ERROR_NONE;
3063   1              uint8_t Byte;
3064   1      
3065   1              LOG_FUNCTION_START("");
3066   1      
3067   1              Byte = (uint8_t)(SpadAmbientDamperFactor & 0x00FF);
3068   1      
3069   1              Status = VL53L0X_WrByte(Dev, 0xFF, 0x01);
3070   1              Status |= VL53L0X_WrByte(Dev, 0x42, Byte);
3071   1              Status |= VL53L0X_WrByte(Dev, 0xFF, 0x00);
3072   1      
3073   1              LOG_FUNCTION_END(Status);
3074   1              return Status;
3075   1      }
3076          
3077          VL53L0X_Error VL53L0X_GetSpadAmbientDamperFactor(VL53L0X_DEV Dev,
3078                  uint16_t *pSpadAmbientDamperFactor)
3079          {
3080   1              VL53L0X_Error Status = VL53L0X_ERROR_NONE;
3081   1              uint8_t Byte;
3082   1      
3083   1              LOG_FUNCTION_START("");
3084   1      
3085   1              Status = VL53L0X_WrByte(Dev, 0xFF, 0x01);
3086   1              Status |= VL53L0X_RdByte(Dev, 0x42, &Byte);
3087   1              Status |= VL53L0X_WrByte(Dev, 0xFF, 0x00);
3088   1              *pSpadAmbientDamperFactor = (uint16_t)Byte;
3089   1      
3090   1              LOG_FUNCTION_END(Status);
3091   1              return Status;
3092   1      }
3093          
3094          /* END Group SPAD functions */
3095          
C51 COMPILER V9.60.0.0   VL53L0X_API                                                       09/19/2025 16:16:51 PAGE 51  

3096          /*****************************************************************************
3097           * Internal functions
3098           *****************************************************************************/
3099          
3100          VL53L0X_Error VL53L0X_SetReferenceSpads(VL53L0X_DEV Dev, uint32_t count,
3101                  uint8_t isApertureSpads)
3102          {
3103   1              VL53L0X_Error Status = VL53L0X_ERROR_NONE;
3104   1      
3105   1              LOG_FUNCTION_START("");
3106   1      
3107   1              Status = VL53L0X_set_reference_spads(Dev, count, isApertureSpads);
3108   1      
3109   1              LOG_FUNCTION_END(Status);
3110   1      
3111   1              return Status;
3112   1      }
3113          
3114          VL53L0X_Error VL53L0X_GetReferenceSpads(VL53L0X_DEV Dev, uint32_t *pSpadCount,
3115                  uint8_t *pIsApertureSpads)
3116          {
3117   1              VL53L0X_Error Status = VL53L0X_ERROR_NONE;
3118   1      
3119   1              LOG_FUNCTION_START("");
3120   1      
3121   1              Status = VL53L0X_get_reference_spads(Dev, pSpadCount, pIsApertureSpads);
3122   1      
3123   1              LOG_FUNCTION_END(Status);
3124   1      
3125   1              return Status;
3126   1      }
3127          
3128          VL53L0X_Error VL53L0X_PerformRefSpadManagement(VL53L0X_DEV Dev,
3129                  uint32_t *refSpadCount, uint8_t *isApertureSpads)
3130          {
3131   1              VL53L0X_Error Status = VL53L0X_ERROR_NONE;
3132   1      
3133   1              LOG_FUNCTION_START("");
3134   1      
3135   1              Status = VL53L0X_perform_ref_spad_management(Dev, refSpadCount,
3136   1                      isApertureSpads);
3137   1      
3138   1              LOG_FUNCTION_END(Status);
3139   1      
3140   1              return Status;
3141   1      }

C51 COMPILATION COMPLETE.  8 WARNING(S),  17 ERROR(S)
